order_id,variant_id,game_id,venue_market_id,side,placed_at,first_fill_id,filled_at,fill_method,at_ts,horizon_ts,fair_changed,fair_age_s,net_markout_pts,adverse_drift_pts,fill_fair_age_s,fill_ttk_h
285,5632da729fa7,11,40,yes,2026-09-08 15:07:21.080935+00,25,2026-09-10 01:49:27.856+00,no_watcher,2026-09-10 01:49:27.856+00,2026-09-10 02:19:27.856+00,t,164,1.8500,-1.7500,14,90.5922622222222222
645,5632da729fa7,11,40,yes,2026-09-08 17:22:30.715243+00,28,2026-09-10 01:49:27.856+00,no_watcher,2026-09-10 01:49:27.856+00,2026-09-10 02:19:27.856+00,t,164,1.8500,-1.9900,14,90.5922622222222222
1187,5632da729fa7,11,40,yes,2026-09-09 01:01:00.715125+00,30,2026-09-10 01:49:27.856+00,no_watcher,2026-09-10 01:49:27.856+00,2026-09-10 02:19:27.856+00,t,164,1.8500,-2.2700,14,90.5922622222222222
1269,5632da729fa7,11,40,yes,2026-09-09 05:09:03.953645+00,68,2026-09-10 02:18:48.605+00,no_watcher,2026-09-10 02:18:48.605+00,2026-09-10 02:48:48.605+00,t,69,1.8500,-2.2700,125,90.1031652777777778
1579,5632da729fa7,11,40,yes,2026-09-09 16:26:46.312757+00,89,2026-09-10 03:32:51.4+00,no_watcher,2026-09-10 03:32:51.4+00,2026-09-10 04:02:51.4+00,t,81,1.8500,-2.2300,76,88.8690555555555556
1824,5632da729fa7,11,40,yes,2026-09-09 16:57:16.313112+00,91,2026-09-10 03:32:51.4+00,no_watcher,2026-09-10 03:32:51.4+00,2026-09-10 04:02:51.4+00,t,81,1.8500,-2.2300,76,88.8690555555555556
284,5632da729fa7,11,39,no,2026-09-08 15:07:21.080935+00,97,2026-09-10 05:00:59.788+00,no_watcher,2026-09-10 05:00:59.788+00,2026-09-10 05:30:59.788+00,t,659,1.8500,-1.7500,684,87.4000588888888889
644,5632da729fa7,11,39,no,2026-09-08 17:22:30.715243+00,98,2026-09-10 05:00:59.788+00,no_watcher,2026-09-10 05:00:59.788+00,2026-09-10 05:30:59.788+00,t,659,1.8500,-1.9900,684,87.4000588888888889
315,5632da729fa7,11,155,yes,2026-09-08 15:07:21.080935+00,378,2026-09-10 18:55:34.19+00,no_watcher,2026-09-10 18:55:34.19+00,2026-09-10 19:25:34.19+00,t,150,3.7700,0.6800,174,73.4905027777777778
2676,5632da729fa7,377,1186,no,2026-09-09 19:58:46.310886+00,403,2026-09-10 21:23:21.391+00,no_watcher,2026-09-10 21:23:21.391+00,2026-09-10 21:53:21.391+00,t,9,-0.0300,-3.6300,123,42.6107247222222222
3859,5632da729fa7,377,1186,no,2026-09-10 04:57:12.554864+00,404,2026-09-10 21:23:21.391+00,no_watcher,2026-09-10 21:23:21.391+00,2026-09-10 21:53:21.391+00,t,9,-0.0300,-3.6300,123,42.6107247222222222
4384,5632da729fa7,377,1186,no,2026-09-10 05:59:12.55438+00,405,2026-09-10 21:23:21.391+00,no_watcher,2026-09-10 21:23:21.391+00,2026-09-10 21:53:21.391+00,t,9,-0.0300,-3.6300,123,42.6107247222222222
1055,5632da729fa7,11,155,yes,2026-09-09 00:00:30.715381+00,426,2026-09-10 21:49:03.365+00,no_watcher,2026-09-10 21:49:03.365+00,2026-09-10 22:19:03.365+00,t,24,3.7700,-0.2300,127,70.5990652777777778
1214,5632da729fa7,11,155,yes,2026-09-09 01:01:00.715125+00,430,2026-09-10 21:49:03.365+00,no_watcher,2026-09-10 21:49:03.365+00,2026-09-10 22:19:03.365+00,t,24,3.7700,-0.2300,127,70.5990652777777778
1440,5632da729fa7,11,155,yes,2026-09-09 13:04:44.479922+00,434,2026-09-10 21:49:03.365+00,no_watcher,2026-09-10 21:49:03.365+00,2026-09-10 22:19:03.365+00,t,24,3.7700,-0.2300,127,70.5990652777777778
1601,5632da729fa7,11,155,yes,2026-09-09 16:26:46.312757+00,438,2026-09-10 21:49:03.365+00,no_watcher,2026-09-10 21:49:03.365+00,2026-09-10 22:19:03.365+00,t,24,3.7700,-0.2300,127,70.5990652777777778
1696,5632da729fa7,11,155,yes,2026-09-09 16:42:01.310648+00,442,2026-09-10 21:49:03.365+00,no_watcher,2026-09-10 21:49:03.365+00,2026-09-10 22:19:03.365+00,t,24,3.7700,-0.2300,127,70.5990652777777778
1969,5632da729fa7,11,155,yes,2026-09-09 17:27:31.31012+00,446,2026-09-10 21:49:03.365+00,no_watcher,2026-09-10 21:49:03.365+00,2026-09-10 22:19:03.365+00,t,24,3.7700,-0.2300,127,70.5990652777777778
2110,5632da729fa7,11,155,yes,2026-09-09 17:42:31.311365+00,450,2026-09-10 21:49:03.365+00,no_watcher,2026-09-10 21:49:03.365+00,2026-09-10 22:19:03.365+00,t,24,3.7700,-0.2300,127,70.5990652777777778
2314,5632da729fa7,11,155,yes,2026-09-09 18:43:01.312703+00,454,2026-09-10 21:49:03.365+00,no_watcher,2026-09-10 21:49:03.365+00,2026-09-10 22:19:03.365+00,t,24,3.7700,-0.4900,127,70.5990652777777778
2403,5632da729fa7,11,155,yes,2026-09-09 18:58:01.311857+00,458,2026-09-10 21:49:03.365+00,no_watcher,2026-09-10 21:49:03.365+00,2026-09-10 22:19:03.365+00,t,24,3.7700,-0.4900,127,70.5990652777777778
2593,5632da729fa7,11,155,yes,2026-09-09 19:58:46.310886+00,462,2026-09-10 21:49:03.365+00,no_watcher,2026-09-10 21:49:03.365+00,2026-09-10 22:19:03.365+00,t,24,3.7700,-0.4900,127,70.5990652777777778
288,5632da729fa7,400,1818,yes,2026-09-08 15:07:21.080935+00,487,2026-09-10 22:33:21.966+00,no_watcher,2026-09-10 22:33:21.966+00,2026-09-10 23:03:21.966+00,t,117,1.5300,-2.0400,129,45.1938983333333333
1594,5632da729fa7,400,1818,yes,2026-09-09 16:26:46.312757+00,490,2026-09-10 22:33:21.966+00,no_watcher,2026-09-10 22:33:21.966+00,2026-09-10 23:03:21.966+00,t,117,1.5300,-2.4800,129,45.1938983333333333
1691,5632da729fa7,400,1818,yes,2026-09-09 16:42:01.310648+00,492,2026-09-10 22:33:21.966+00,no_watcher,2026-09-10 22:33:21.966+00,2026-09-10 23:03:21.966+00,t,117,1.5300,-2.4800,129,45.1938983333333333
1842,5632da729fa7,400,1818,yes,2026-09-09 16:57:16.313112+00,494,2026-09-10 22:33:21.966+00,no_watcher,2026-09-10 22:33:21.966+00,2026-09-10 23:03:21.966+00,t,117,1.5300,-2.4800,129,45.1938983333333333
1964,5632da729fa7,400,1818,yes,2026-09-09 17:27:31.31012+00,496,2026-09-10 22:33:21.966+00,no_watcher,2026-09-10 22:33:21.966+00,2026-09-10 23:03:21.966+00,t,117,1.5300,-2.4800,129,45.1938983333333333
2105,5632da729fa7,400,1818,yes,2026-09-09 17:42:31.311365+00,498,2026-09-10 22:33:21.966+00,no_watcher,2026-09-10 22:33:21.966+00,2026-09-10 23:03:21.966+00,t,117,1.5300,-2.4800,129,45.1938983333333333
2223,5632da729fa7,400,1818,yes,2026-09-09 18:12:46.31204+00,500,2026-09-10 22:33:21.966+00,no_watcher,2026-09-10 22:33:21.966+00,2026-09-10 23:03:21.966+00,t,117,1.5300,-2.4800,129,45.1938983333333333
2349,5632da729fa7,400,1818,yes,2026-09-09 18:43:01.312703+00,502,2026-09-10 22:33:21.966+00,no_watcher,2026-09-10 22:33:21.966+00,2026-09-10 23:03:21.966+00,t,117,1.5300,-2.4800,129,45.1938983333333333
2519,5632da729fa7,400,1818,yes,2026-09-09 19:43:31.312493+00,504,2026-09-10 22:33:21.966+00,no_watcher,2026-09-10 22:33:21.966+00,2026-09-10 23:03:21.966+00,t,117,1.5300,-2.4800,129,45.1938983333333333
2618,5632da729fa7,400,1818,yes,2026-09-09 19:58:46.310886+00,506,2026-09-10 22:33:21.966+00,no_watcher,2026-09-10 22:33:21.966+00,2026-09-10 23:03:21.966+00,t,117,1.5300,-2.4800,129,45.1938983333333333
2770,5632da729fa7,400,1818,yes,2026-09-09 20:13:46.311048+00,508,2026-09-10 22:33:21.966+00,no_watcher,2026-09-10 22:33:21.966+00,2026-09-10 23:03:21.966+00,t,117,1.5300,-2.4800,129,45.1938983333333333
2868,5632da729fa7,400,1818,yes,2026-09-09 20:29:01.312759+00,510,2026-09-10 22:33:21.966+00,no_watcher,2026-09-10 22:33:21.966+00,2026-09-10 23:03:21.966+00,t,117,1.5300,-2.4800,129,45.1938983333333333
210,5632da729fa7,377,2412,yes,2026-09-08 15:07:21.080935+00,601,2026-09-11 00:01:21.922+00,no_watcher,2026-09-11 00:01:21.922+00,2026-09-11 00:31:21.922+00,t,43,3.9000,-0.7900,37,39.9772438888888889
538,5632da729fa7,377,2412,yes,2026-09-08 17:22:30.715243+00,604,2026-09-11 00:01:21.922+00,no_watcher,2026-09-11 00:01:21.922+00,2026-09-11 00:31:21.922+00,t,43,3.9000,-0.7900,37,39.9772438888888889
678,5632da729fa7,377,2412,yes,2026-09-08 18:07:45.713408+00,607,2026-09-11 00:01:21.922+00,no_watcher,2026-09-11 00:01:21.922+00,2026-09-11 00:31:21.922+00,t,43,3.9000,-0.7900,37,39.9772438888888889
811,5632da729fa7,377,2412,yes,2026-09-08 18:38:00.712479+00,610,2026-09-11 00:01:21.922+00,no_watcher,2026-09-11 00:01:21.922+00,2026-09-11 00:31:21.922+00,t,43,3.9000,-0.7900,37,39.9772438888888889
883,5632da729fa7,377,2412,yes,2026-09-08 19:08:00.714074+00,613,2026-09-11 00:01:21.922+00,no_watcher,2026-09-11 00:01:21.922+00,2026-09-11 00:31:21.922+00,t,43,3.9000,-0.7900,37,39.9772438888888889
988,5632da729fa7,377,2412,yes,2026-09-09 00:00:30.715381+00,615,2026-09-11 00:01:21.922+00,no_watcher,2026-09-11 00:01:21.922+00,2026-09-11 00:31:21.922+00,t,43,3.9000,-0.7900,37,39.9772438888888889
2578,5632da729fa7,377,2412,yes,2026-09-09 19:58:46.310886+00,618,2026-09-11 00:01:21.922+00,no_watcher,2026-09-11 00:01:21.922+00,2026-09-11 00:31:21.922+00,t,43,3.9000,-0.5200,37,39.9772438888888889
2833,5632da729fa7,377,2412,yes,2026-09-09 20:29:01.312759+00,620,2026-09-11 00:01:21.922+00,no_watcher,2026-09-11 00:01:21.922+00,2026-09-11 00:31:21.922+00,t,43,3.9000,-0.5200,37,39.9772438888888889
2917,5632da729fa7,377,2412,yes,2026-09-09 20:44:01.310195+00,622,2026-09-11 00:01:21.922+00,no_watcher,2026-09-11 00:01:21.922+00,2026-09-11 00:31:21.922+00,t,43,3.9000,-0.5200,37,39.9772438888888889
3092,5632da729fa7,377,2412,yes,2026-09-09 23:32:31.311938+00,624,2026-09-11 00:01:21.922+00,no_watcher,2026-09-11 00:01:21.922+00,2026-09-11 00:31:21.922+00,t,43,3.9000,-0.5200,37,39.9772438888888889
3148,5632da729fa7,377,2412,yes,2026-09-10 00:04:01.311255+00,626,2026-09-11 00:01:21.922+00,no_watcher,2026-09-11 00:01:21.922+00,2026-09-11 00:31:21.922+00,t,43,3.9000,-0.5200,37,39.9772438888888889
3231,5632da729fa7,377,2412,yes,2026-09-10 00:19:31.310339+00,628,2026-09-11 00:01:21.922+00,no_watcher,2026-09-11 00:01:21.922+00,2026-09-11 00:31:21.922+00,t,43,3.9000,-0.5200,37,39.9772438888888889
3291,5632da729fa7,377,2412,yes,2026-09-10 01:03:46.310563+00,630,2026-09-11 00:01:21.922+00,no_watcher,2026-09-11 00:01:21.922+00,2026-09-11 00:31:21.922+00,t,43,3.9000,-0.5200,37,39.9772438888888889
3962,5632da729fa7,377,2412,yes,2026-09-10 05:26:27.554824+00,632,2026-09-11 00:01:21.922+00,no_watcher,2026-09-11 00:01:21.922+00,2026-09-11 00:31:21.922+00,t,43,3.9000,0.3100,37,39.9772438888888889
4182,5632da729fa7,377,2412,yes,2026-09-10 05:43:57.554806+00,634,2026-09-11 00:01:21.922+00,no_watcher,2026-09-11 00:01:21.922+00,2026-09-11 00:31:21.922+00,t,43,3.9000,0.3100,37,39.9772438888888889
2441,5632da729fa7,377,2412,yes,2026-09-09 19:28:16.312087+00,636,2026-09-11 00:27:54.543+00,no_watcher,2026-09-11 00:27:54.543+00,2026-09-11 00:57:54.543+00,t,119,4.9000,-0.3400,130,39.5348491666666667
1131,5632da729fa7,377,1186,no,2026-09-09 01:01:00.715125+00,695,2026-09-11 04:03:11.142+00,no_watcher,2026-09-11 04:03:11.142+00,2026-09-11 04:33:11.142+00,t,179,1.2200,-3.7300,200,35.9469050000000000
1338,5632da729fa7,377,1186,no,2026-09-09 13:04:44.479922+00,696,2026-09-11 04:03:11.142+00,no_watcher,2026-09-11 04:03:11.142+00,2026-09-11 04:33:11.142+00,t,179,1.2200,-3.8000,200,35.9469050000000000
2090,5632da729fa7,11,40,yes,2026-09-09 17:42:31.311365+00,697,2026-09-11 09:43:51.759+00,no_watcher,2026-09-11 09:43:51.759+00,2026-09-11 10:13:51.759+00,t,15817,1.5700,-2.5100,14017,58.6856225000000000
2200,5632da729fa7,11,40,yes,2026-09-09 18:12:46.31204+00,701,2026-09-11 09:43:51.759+00,no_watcher,2026-09-11 09:43:51.759+00,2026-09-11 10:13:51.759+00,t,15817,1.5700,-2.6000,14017,58.6856225000000000
2322,5632da729fa7,11,40,yes,2026-09-09 18:43:01.312703+00,705,2026-09-11 09:43:51.759+00,no_watcher,2026-09-11 09:43:51.759+00,2026-09-11 10:13:51.759+00,t,15817,1.5700,-2.6000,14017,58.6856225000000000
2424,5632da729fa7,11,40,yes,2026-09-09 19:13:16.311744+00,709,2026-09-11 09:43:51.759+00,no_watcher,2026-09-11 09:43:51.759+00,2026-09-11 10:13:51.759+00,t,15817,1.5700,-2.6000,14017,58.6856225000000000
2506,5632da729fa7,11,40,yes,2026-09-09 19:43:31.312493+00,713,2026-09-11 09:43:51.759+00,no_watcher,2026-09-11 09:43:51.759+00,2026-09-11 10:13:51.759+00,t,15817,1.5700,-2.6000,14017,58.6856225000000000
275,5632da729fa7,400,1125,no,2026-09-08 15:07:21.080935+00,836,2026-09-11 18:44:28.111+00,no_watcher,2026-09-11 18:44:28.111+00,2026-09-11 19:14:28.111+00,t,333,1.1100,-2.6300,397,25.0088580555555556
1106,5632da729fa7,400,1125,no,2026-09-09 00:00:30.715381+00,839,2026-09-11 18:44:28.111+00,no_watcher,2026-09-11 18:44:28.111+00,2026-09-11 19:14:28.111+00,t,333,1.1100,-2.4500,397,25.0088580555555556
1603,5632da729fa7,400,1125,no,2026-09-09 16:26:46.312757+00,841,2026-09-11 18:44:28.111+00,no_watcher,2026-09-11 18:44:28.111+00,2026-09-11 19:14:28.111+00,t,333,1.1100,-2.8800,397,25.0088580555555556
1698,5632da729fa7,400,1125,no,2026-09-09 16:42:01.310648+00,844,2026-09-11 18:44:28.111+00,no_watcher,2026-09-11 18:44:28.111+00,2026-09-11 19:14:28.111+00,t,333,1.1100,-2.8800,397,25.0088580555555556
1845,5632da729fa7,400,1125,no,2026-09-09 16:57:16.313112+00,847,2026-09-11 18:44:28.111+00,no_watcher,2026-09-11 18:44:28.111+00,2026-09-11 19:14:28.111+00,t,333,1.1100,-2.8800,397,25.0088580555555556
1971,5632da729fa7,400,1125,no,2026-09-09 17:27:31.31012+00,850,2026-09-11 18:44:28.111+00,no_watcher,2026-09-11 18:44:28.111+00,2026-09-11 19:14:28.111+00,t,333,1.1100,-2.8800,397,25.0088580555555556
2358,5632da729fa7,400,1125,no,2026-09-09 18:43:01.312703+00,853,2026-09-11 18:44:28.111+00,no_watcher,2026-09-11 18:44:28.111+00,2026-09-11 19:14:28.111+00,t,333,1.1100,-2.8800,397,25.0088580555555556
2526,5632da729fa7,400,1125,no,2026-09-09 19:43:31.312493+00,856,2026-09-11 18:44:28.111+00,no_watcher,2026-09-11 18:44:28.111+00,2026-09-11 19:14:28.111+00,t,333,1.1100,-2.8800,397,25.0088580555555556
2621,5632da729fa7,400,1125,no,2026-09-09 19:58:46.310886+00,859,2026-09-11 18:44:28.111+00,no_watcher,2026-09-11 18:44:28.111+00,2026-09-11 19:14:28.111+00,t,333,1.1100,-2.8800,397,25.0088580555555556
2774,5632da729fa7,400,1125,no,2026-09-09 20:13:46.311048+00,862,2026-09-11 18:44:28.111+00,no_watcher,2026-09-11 18:44:28.111+00,2026-09-11 19:14:28.111+00,t,333,1.1100,-2.8800,397,25.0088580555555556
1495,5632da729fa7,377,1186,no,2026-09-09 16:26:46.312757+00,865,2026-09-11 19:00:21.347+00,no_watcher,2026-09-11 19:00:21.347+00,2026-09-11 19:30:21.347+00,t,360,1.2200,-3.8000,429,20.9940702777777778
1638,5632da729fa7,377,1186,no,2026-09-09 16:42:01.310648+00,867,2026-09-11 19:00:21.347+00,no_watcher,2026-09-11 19:00:21.347+00,2026-09-11 19:30:21.347+00,t,360,1.2200,-3.8000,429,20.9940702777777778
1749,5632da729fa7,377,1186,no,2026-09-09 16:57:16.313112+00,869,2026-09-11 19:00:21.347+00,no_watcher,2026-09-11 19:00:21.347+00,2026-09-11 19:30:21.347+00,t,360,1.2200,-3.8000,429,20.9940702777777778
1892,5632da729fa7,377,1186,no,2026-09-09 17:27:31.31012+00,871,2026-09-11 19:00:21.347+00,no_watcher,2026-09-11 19:00:21.347+00,2026-09-11 19:30:21.347+00,t,360,1.2200,-3.8000,429,20.9940702777777778
2146,5632da729fa7,377,1186,no,2026-09-09 18:12:46.31204+00,873,2026-09-11 19:00:21.347+00,no_watcher,2026-09-11 19:00:21.347+00,2026-09-11 19:30:21.347+00,t,360,1.2200,-3.8000,429,20.9940702777777778
308,5632da729fa7,377,1185,yes,2026-09-08 15:07:21.080935+00,922,2026-09-11 17:54:53.052+00,no_watcher,2026-09-11 17:54:53.052+00,2026-09-11 18:24:53.052+00,t,144,-1.7600,-5.1000,184,22.0852633333333333
1067,5632da729fa7,377,1185,yes,2026-09-09 00:00:30.715381+00,928,2026-09-11 17:54:53.052+00,no_watcher,2026-09-11 17:54:53.052+00,2026-09-11 18:24:53.052+00,t,144,-0.7700,-4.6800,184,22.0852633333333333
1130,5632da729fa7,377,1185,yes,2026-09-09 01:01:00.715125+00,932,2026-09-11 17:54:53.052+00,no_watcher,2026-09-11 17:54:53.052+00,2026-09-11 18:24:53.052+00,t,144,1.2200,-3.7300,184,22.0852633333333333
1232,5632da729fa7,377,1185,yes,2026-09-09 01:47:45.71477+00,936,2026-09-11 17:54:53.052+00,no_watcher,2026-09-11 17:54:53.052+00,2026-09-11 18:24:53.052+00,t,144,1.2200,-3.7300,184,22.0852633333333333
1337,5632da729fa7,377,1185,yes,2026-09-09 13:04:44.479922+00,940,2026-09-11 17:54:53.052+00,no_watcher,2026-09-11 17:54:53.052+00,2026-09-11 18:24:53.052+00,t,144,1.2200,-3.8000,184,22.0852633333333333
1494,5632da729fa7,377,1185,yes,2026-09-09 16:26:46.312757+00,944,2026-09-11 17:54:53.052+00,no_watcher,2026-09-11 17:54:53.052+00,2026-09-11 18:24:53.052+00,t,144,1.2200,-3.8000,184,22.0852633333333333
1637,5632da729fa7,377,1185,yes,2026-09-09 16:42:01.310648+00,948,2026-09-11 17:54:53.052+00,no_watcher,2026-09-11 17:54:53.052+00,2026-09-11 18:24:53.052+00,t,144,1.2200,-3.8000,184,22.0852633333333333
1748,5632da729fa7,377,1185,yes,2026-09-09 16:57:16.313112+00,952,2026-09-11 17:54:53.052+00,no_watcher,2026-09-11 17:54:53.052+00,2026-09-11 18:24:53.052+00,t,144,1.2200,-3.8000,184,22.0852633333333333
1891,5632da729fa7,377,1185,yes,2026-09-09 17:27:31.31012+00,956,2026-09-11 17:54:53.052+00,no_watcher,2026-09-11 17:54:53.052+00,2026-09-11 18:24:53.052+00,t,144,1.2200,-3.8000,184,22.0852633333333333
2145,5632da729fa7,377,1185,yes,2026-09-09 18:12:46.31204+00,960,2026-09-11 17:54:53.052+00,no_watcher,2026-09-11 17:54:53.052+00,2026-09-11 18:24:53.052+00,t,144,1.2200,-3.8000,184,22.0852633333333333
2376,5632da729fa7,377,1185,yes,2026-09-09 18:58:01.311857+00,964,2026-09-11 17:54:53.052+00,no_watcher,2026-09-11 17:54:53.052+00,2026-09-11 18:24:53.052+00,t,144,1.2200,-3.8000,184,22.0852633333333333
2675,5632da729fa7,377,1185,yes,2026-09-09 19:58:46.310886+00,968,2026-09-11 17:54:53.052+00,no_watcher,2026-09-11 17:54:53.052+00,2026-09-11 18:24:53.052+00,t,144,-0.7700,-4.3700,184,22.0852633333333333
3753,5632da729fa7,377,1185,yes,2026-09-10 04:39:57.554678+00,972,2026-09-11 17:54:53.052+00,no_watcher,2026-09-11 17:54:53.052+00,2026-09-11 18:24:53.052+00,t,144,-0.7700,-4.3700,184,22.0852633333333333
3960,5632da729fa7,377,1185,yes,2026-09-10 05:26:27.554824+00,976,2026-09-11 17:54:53.052+00,no_watcher,2026-09-11 17:54:53.052+00,2026-09-11 18:24:53.052+00,t,144,-0.7700,-4.3700,184,22.0852633333333333
4177,5632da729fa7,377,1185,yes,2026-09-10 05:43:57.554806+00,980,2026-09-11 17:54:53.052+00,no_watcher,2026-09-11 17:54:53.052+00,2026-09-11 18:24:53.052+00,t,144,-0.7700,-4.3700,184,22.0852633333333333
4383,5632da729fa7,377,1185,yes,2026-09-10 05:59:12.55438+00,984,2026-09-11 17:54:53.052+00,no_watcher,2026-09-11 17:54:53.052+00,2026-09-11 18:24:53.052+00,t,144,-0.7700,-4.3700,184,22.0852633333333333
4598,5632da729fa7,377,1185,yes,2026-09-10 13:49:27.241687+00,988,2026-09-11 17:54:53.052+00,no_watcher,2026-09-11 17:54:53.052+00,2026-09-11 18:24:53.052+00,t,144,1.2200,-4.0000,184,22.0852633333333333
4652,5632da729fa7,377,1185,yes,2026-09-10 14:35:42.240709+00,992,2026-09-11 17:54:53.052+00,no_watcher,2026-09-11 17:54:53.052+00,2026-09-11 18:24:53.052+00,t,144,1.2200,-4.0000,184,22.0852633333333333
4804,5632da729fa7,377,1185,yes,2026-09-10 15:36:27.243092+00,996,2026-09-11 17:54:53.052+00,no_watcher,2026-09-11 17:54:53.052+00,2026-09-11 18:24:53.052+00,t,144,1.2200,-4.0000,184,22.0852633333333333
8755,5632da729fa7,450,4643,no,2026-09-11 21:34:06.640474+00,1000,2026-09-11 22:59:35.007+00,no_watcher,2026-09-11 22:59:35.007+00,2026-09-11 23:29:35.007+00,t,7,0.4300,-3.1400,21,17.0069425000000000
4599,5632da729fa7,377,1186,no,2026-09-10 13:49:27.241687+00,1071,2026-09-12 11:32:38.836+00,no_watcher,2026-09-12 11:32:38.836+00,2026-09-12 12:02:38.836+00,t,21921,1.4600,-3.7600,20121,4.4558788888888889
4653,5632da729fa7,377,1186,no,2026-09-10 14:35:42.240709+00,1079,2026-09-12 11:32:38.836+00,no_watcher,2026-09-12 11:32:38.836+00,2026-09-12 12:02:38.836+00,t,21921,1.4600,-3.7600,20121,4.4558788888888889
4805,5632da729fa7,377,1186,no,2026-09-10 15:36:27.243092+00,1087,2026-09-12 11:32:38.836+00,no_watcher,2026-09-12 11:32:38.836+00,2026-09-12 12:02:38.836+00,t,21921,1.4600,-3.7600,20121,4.4558788888888889
1094,5632da729fa7,392,1837,no,2026-09-09 00:00:30.715381+00,1095,2026-09-12 13:20:22.687+00,no_watcher,2026-09-12 13:20:22.687+00,2026-09-12 13:50:22.687+00,t,38,1.1200,-2.6100,32,6.1603647222222222
1253,5632da729fa7,392,1837,no,2026-09-09 01:47:45.71477+00,1096,2026-09-12 13:20:22.687+00,no_watcher,2026-09-12 13:20:22.687+00,2026-09-12 13:50:22.687+00,t,38,1.1200,-2.6100,32,6.1603647222222222
2016,5632da729fa7,392,1837,no,2026-09-09 17:27:31.31012+00,1097,2026-09-12 13:20:22.687+00,no_watcher,2026-09-12 13:20:22.687+00,2026-09-12 13:50:22.687+00,t,38,1.1200,-2.6000,32,6.1603647222222222
2270,5632da729fa7,392,1837,no,2026-09-09 18:12:46.31204+00,1098,2026-09-12 13:20:22.687+00,no_watcher,2026-09-12 13:20:22.687+00,2026-09-12 13:50:22.687+00,t,38,1.1200,-2.6000,32,6.1603647222222222
2659,5632da729fa7,392,1837,no,2026-09-09 19:58:46.310886+00,1099,2026-09-12 13:20:22.687+00,no_watcher,2026-09-12 13:20:22.687+00,2026-09-12 13:50:22.687+00,t,38,1.1200,-2.6000,32,6.1603647222222222
8732,5632da729fa7,434,4379,no,2026-09-11 21:34:06.640474+00,1211,2026-09-12 14:07:44.351+00,no_watcher,2026-09-12 14:07:44.351+00,2026-09-12 14:37:44.351+00,t,661,-0.7400,-3.2300,181,5.3710136111111111
1119,5632da729fa7,388,3067,no,2026-09-09 00:00:30.715381+00,1262,2026-09-12 15:28:05.453+00,no_watcher,2026-09-12 15:28:05.453+00,2026-09-12 15:58:05.453+00,t,1102,3.1600,1.1300,5588,1.2818186111111111
3870,5632da729fa7,388,3067,no,2026-09-10 04:57:12.554864+00,1263,2026-09-12 15:28:05.453+00,no_watcher,2026-09-12 15:28:05.453+00,2026-09-12 15:58:05.453+00,t,1102,3.1600,1.1300,5588,1.2818186111111111
5941,5632da729fa7,409,1711,yes,2026-09-10 21:13:57.240994+00,1264,2026-09-12 15:31:10.544+00,no_watcher,2026-09-12 15:31:10.544+00,2026-09-12 16:01:10.544+00,t,132,-0.6900,-4.0500,28,7.4804044444444444
6030,5632da729fa7,409,1711,yes,2026-09-10 21:29:57.241417+00,1266,2026-09-12 15:31:10.544+00,no_watcher,2026-09-12 15:31:10.544+00,2026-09-12 16:01:10.544+00,t,132,-0.6900,-4.0500,28,7.4804044444444444
6171,5632da729fa7,409,1711,yes,2026-09-10 21:35:42.242063+00,1267,2026-09-12 15:31:10.544+00,no_watcher,2026-09-12 15:31:10.544+00,2026-09-12 16:01:10.544+00,t,132,-0.6900,-4.0500,28,7.4804044444444444
6327,5632da729fa7,409,1711,yes,2026-09-10 22:25:42.243089+00,1269,2026-09-12 15:31:10.544+00,no_watcher,2026-09-12 15:31:10.544+00,2026-09-12 16:01:10.544+00,t,132,-0.6900,-4.0500,28,7.4804044444444444
6546,5632da729fa7,409,1711,yes,2026-09-10 22:35:42.242535+00,1272,2026-09-12 15:31:10.544+00,no_watcher,2026-09-12 15:31:10.544+00,2026-09-12 16:01:10.544+00,t,132,-0.6900,-4.0500,28,7.4804044444444444
7273,5632da729fa7,409,1711,yes,2026-09-11 00:49:57.24037+00,1274,2026-09-12 15:31:10.544+00,no_watcher,2026-09-12 15:31:10.544+00,2026-09-12 16:01:10.544+00,t,132,-0.6900,-4.0500,28,7.4804044444444444
8268,5632da729fa7,409,1711,yes,2026-09-11 15:35:56.778135+00,1460,2026-09-12 18:55:13.999+00,no_watcher,2026-09-12 18:55:13.999+00,2026-09-12 19:25:13.999+00,t,186,-0.0200,-3.4300,1135,4.0794447222222222
8409,5632da729fa7,409,1711,yes,2026-09-11 20:05:26.778649+00,1470,2026-09-12 18:55:13.999+00,no_watcher,2026-09-12 18:55:13.999+00,2026-09-12 19:25:13.999+00,t,186,-0.0200,-4.2500,1135,4.0794447222222222
5044,5632da729fa7,409,1711,yes,2026-09-10 16:37:12.242763+00,1489,2026-09-12 20:15:15.46+00,no_watcher,2026-09-12 20:15:15.46+00,2026-09-12 20:45:15.46+00,t,397,-0.3400,-3.4100,144,2.7457055555555556
5148,5632da729fa7,409,1711,yes,2026-09-10 17:07:42.240014+00,1491,2026-09-12 20:15:15.46+00,no_watcher,2026-09-12 20:15:15.46+00,2026-09-12 20:45:15.46+00,t,397,-0.3400,-3.4100,144,2.7457055555555556
5315,5632da729fa7,409,1711,yes,2026-09-10 17:38:42.241912+00,1493,2026-09-12 20:15:15.46+00,no_watcher,2026-09-12 20:15:15.46+00,2026-09-12 20:45:15.46+00,t,397,-0.3400,-3.4100,144,2.7457055555555556
5404,5632da729fa7,409,1711,yes,2026-09-10 18:24:57.24259+00,1495,2026-09-12 20:15:15.46+00,no_watcher,2026-09-12 20:15:15.46+00,2026-09-12 20:45:15.46+00,t,397,-0.3400,-3.4100,144,2.7457055555555556
5529,5632da729fa7,409,1711,yes,2026-09-10 19:27:12.242907+00,1497,2026-09-12 20:15:15.46+00,no_watcher,2026-09-12 20:15:15.46+00,2026-09-12 20:45:15.46+00,t,397,-0.3400,-3.4100,144,2.7457055555555556
5644,5632da729fa7,409,1711,yes,2026-09-10 19:42:27.240982+00,1499,2026-09-12 20:15:15.46+00,no_watcher,2026-09-12 20:15:15.46+00,2026-09-12 20:45:15.46+00,t,397,-0.3400,-3.4100,144,2.7457055555555556
5781,5632da729fa7,409,1711,yes,2026-09-10 20:40:57.24066+00,1501,2026-09-12 20:15:15.46+00,no_watcher,2026-09-12 20:15:15.46+00,2026-09-12 20:45:15.46+00,t,397,-0.3400,-3.4100,144,2.7457055555555556
1314,5632da729fa7,16,33,yes,2026-09-09 05:09:03.953645+00,1683,2026-09-14 15:23:53.576+00,no_watcher,2026-09-14 15:23:53.576+00,2026-09-14 15:53:53.576+00,t,314,-0.1600,-2.4700,364,8.8517844444444444
1315,5632da729fa7,16,34,no,2026-09-09 05:09:03.953645+00,1691,2026-09-14 15:23:56.092+00,no_watcher,2026-09-14 15:23:56.092+00,2026-09-14 15:53:56.092+00,t,317,-0.1600,-2.4700,367,8.8510855555555556
3000,5632da729fa7,16,33,yes,2026-09-09 21:31:31.312448+00,1702,2026-09-14 15:23:53.576+00,no_watcher,2026-09-14 15:23:53.576+00,2026-09-14 15:53:53.576+00,t,314,-0.1600,-2.7100,364,8.8517844444444444
3035,5632da729fa7,16,34,no,2026-09-09 21:46:46.312618+00,1718,2026-09-14 15:23:56.092+00,no_watcher,2026-09-14 15:23:56.092+00,2026-09-14 15:53:56.092+00,t,317,-0.1600,-2.7100,367,8.8510855555555556
3249,5632da729fa7,16,33,yes,2026-09-10 00:36:01.312329+00,1721,2026-09-14 15:23:53.576+00,no_watcher,2026-09-14 15:23:53.576+00,2026-09-14 15:53:53.576+00,t,314,-0.1600,-2.7100,364,8.8517844444444444
3269,5632da729fa7,16,34,no,2026-09-10 00:52:31.310169+00,1737,2026-09-14 15:23:56.092+00,no_watcher,2026-09-14 15:23:56.092+00,2026-09-14 15:53:56.092+00,t,317,-0.1600,-2.7100,367,8.8510855555555556
3344,5632da729fa7,16,33,yes,2026-09-10 01:18:31.310636+00,1740,2026-09-14 15:23:53.576+00,no_watcher,2026-09-14 15:23:53.576+00,2026-09-14 15:53:53.576+00,t,314,-0.1600,-2.7100,364,8.8517844444444444
3562,5632da729fa7,16,33,yes,2026-09-10 03:12:16.310558+00,1756,2026-09-14 15:23:53.576+00,no_watcher,2026-09-14 15:23:53.576+00,2026-09-14 15:53:53.576+00,t,314,-0.1600,-2.7100,364,8.8517844444444444
3582,5632da729fa7,16,34,no,2026-09-10 03:17:31.310634+00,1772,2026-09-14 15:23:56.092+00,no_watcher,2026-09-14 15:23:56.092+00,2026-09-14 15:53:56.092+00,t,317,-0.1600,-2.7100,367,8.8510855555555556
4045,5632da729fa7,16,34,no,2026-09-10 05:38:57.554696+00,1775,2026-09-14 15:23:56.092+00,no_watcher,2026-09-14 15:23:56.092+00,2026-09-14 15:53:56.092+00,t,317,-0.1600,-2.7100,367,8.8510855555555556
4047,5632da729fa7,16,33,yes,2026-09-10 05:38:57.554696+00,1778,2026-09-14 15:23:53.576+00,no_watcher,2026-09-14 15:23:53.576+00,2026-09-14 15:53:53.576+00,t,314,-0.1600,-2.7100,364,8.8517844444444444
4248,5632da729fa7,16,33,yes,2026-09-10 05:54:12.554814+00,1794,2026-09-14 15:23:53.576+00,no_watcher,2026-09-14 15:23:53.576+00,2026-09-14 15:53:53.576+00,t,314,-0.1600,-2.7100,364,8.8517844444444444
4249,5632da729fa7,16,34,no,2026-09-10 05:54:12.554814+00,1802,2026-09-14 15:23:56.092+00,no_watcher,2026-09-14 15:23:56.092+00,2026-09-14 15:53:56.092+00,t,317,-0.1600,-2.7100,367,8.8510855555555556
9809,5632da729fa7,474,7149,yes,2026-09-14 15:03:30.393249+00,1813,2026-09-14 20:33:28.975+00,no_watcher,2026-09-14 20:33:28.975+00,2026-09-14 21:03:28.975+00,t,557,2.9100,-0.0100,626,122.9419513888888889
9105,5632da729fa7,16,477,yes,2026-09-13 13:16:57.543504+00,1815,2026-09-14 23:31:25.431+00,no_watcher,2026-09-14 23:31:25.431+00,2026-09-15 00:01:25.431+00,t,54,1.5900,-3.4700,117,0.72626916666666666667
9158,5632da729fa7,16,477,yes,2026-09-13 14:06:57.543296+00,1824,2026-09-14 23:31:25.431+00,no_watcher,2026-09-14 23:31:25.431+00,2026-09-15 00:01:25.431+00,t,54,1.5900,-3.4700,117,0.72626916666666666667
9549,5632da729fa7,16,477,yes,2026-09-13 19:41:42.543028+00,1836,2026-09-14 23:31:25.431+00,no_watcher,2026-09-14 23:31:25.431+00,2026-09-15 00:01:25.431+00,t,54,1.5900,-3.4700,117,0.72626916666666666667
9555,5632da729fa7,16,477,yes,2026-09-13 19:42:27.543143+00,1842,2026-09-14 23:31:25.431+00,no_watcher,2026-09-14 23:31:25.431+00,2026-09-15 00:01:25.431+00,t,54,1.5900,-3.4700,117,0.72626916666666666667
9563,5632da729fa7,16,477,yes,2026-09-13 19:42:57.543243+00,1848,2026-09-14 23:31:25.431+00,no_watcher,2026-09-14 23:31:25.431+00,2026-09-15 00:01:25.431+00,t,54,1.5900,-3.4700,117,0.72626916666666666667
9572,5632da729fa7,16,477,yes,2026-09-13 19:45:12.543085+00,1854,2026-09-14 23:31:25.431+00,no_watcher,2026-09-14 23:31:25.431+00,2026-09-15 00:01:25.431+00,t,54,1.5900,-3.4700,117,0.72626916666666666667
9587,5632da729fa7,16,477,yes,2026-09-13 19:50:42.543229+00,1860,2026-09-14 23:31:25.431+00,no_watcher,2026-09-14 23:31:25.431+00,2026-09-15 00:01:25.431+00,t,54,1.5900,-3.4700,117,0.72626916666666666667
9686,5632da729fa7,16,477,yes,2026-09-13 20:31:27.543046+00,1866,2026-09-14 23:31:25.431+00,no_watcher,2026-09-14 23:31:25.431+00,2026-09-15 00:01:25.431+00,t,54,1.5900,-3.4700,117,0.72626916666666666667
9696,5632da729fa7,16,477,yes,2026-09-13 20:31:57.543117+00,1872,2026-09-14 23:31:25.431+00,no_watcher,2026-09-14 23:31:25.431+00,2026-09-15 00:01:25.431+00,t,54,1.5900,-3.4700,117,0.72626916666666666667
10603,5632da729fa7,130,1,no,2026-09-14 23:42:00.393081+00,1878,2026-09-15 05:20:31.116+00,no_watcher,2026-09-15 05:20:31.116+00,2026-09-15 05:50:31.116+00,t,358,2.9800,-0.3100,416,162.9080233333333333
10538,5632da729fa7,118,9729,yes,2026-09-14 23:32:00.393104+00,1879,2026-09-15 15:05:49.77+00,no_watcher,2026-09-15 15:05:49.77+00,2026-09-15 15:35:49.77+00,t,147,-0.6400,-0.6800,235,121.9028416666666667
10723,5632da729fa7,118,9729,yes,2026-09-15 02:42:45.393247+00,1887,2026-09-15 15:05:49.77+00,no_watcher,2026-09-15 15:05:49.77+00,2026-09-15 15:35:49.77+00,t,147,0.3600,-0.0600,235,121.9028416666666667
10916,5632da729fa7,118,9729,yes,2026-09-15 05:29:45.581211+00,1893,2026-09-15 15:05:49.77+00,no_watcher,2026-09-15 15:05:49.77+00,2026-09-15 15:35:49.77+00,t,147,0.3600,-0.0600,235,121.9028416666666667
11169,5632da729fa7,118,9729,yes,2026-09-15 05:45:15.580972+00,1899,2026-09-15 15:05:49.77+00,no_watcher,2026-09-15 15:05:49.77+00,2026-09-15 15:35:49.77+00,t,147,0.3600,-0.0600,235,121.9028416666666667
11631,5632da729fa7,118,9729,yes,2026-09-15 13:16:42.232673+00,1905,2026-09-15 15:05:49.77+00,no_watcher,2026-09-15 15:05:49.77+00,2026-09-15 15:35:49.77+00,t,147,0.3600,0.0400,235,121.9028416666666667
11735,5632da729fa7,118,9729,yes,2026-09-15 13:31:54.734199+00,1909,2026-09-15 15:05:49.77+00,no_watcher,2026-09-15 15:05:49.77+00,2026-09-15 15:35:49.77+00,t,147,0.3600,0.0400,235,121.9028416666666667
11932,5632da729fa7,118,9729,yes,2026-09-15 13:46:54.734595+00,1913,2026-09-15 15:05:49.77+00,no_watcher,2026-09-15 15:05:49.77+00,2026-09-15 15:35:49.77+00,t,147,0.3600,0.0400,235,121.9028416666666667
12068,5632da729fa7,118,9729,yes,2026-09-15 14:01:54.734221+00,1917,2026-09-15 15:05:49.77+00,no_watcher,2026-09-15 15:05:49.77+00,2026-09-15 15:35:49.77+00,t,147,0.3600,0.0400,235,121.9028416666666667
12578,5632da729fa7,118,9729,yes,2026-09-15 14:47:38.846891+00,1921,2026-09-15 15:05:49.77+00,no_watcher,2026-09-15 15:05:49.77+00,2026-09-15 15:35:49.77+00,t,147,0.3600,0.0400,235,121.9028416666666667
12667,5632da729fa7,118,9729,yes,2026-09-15 15:03:08.846656+00,1925,2026-09-15 15:05:49.77+00,queue_model,2026-09-15 15:05:49.77+00,2026-09-15 15:35:49.77+00,t,147,0.3600,0.0400,235,121.9028416666666667
11403,5632da729fa7,539,9134,no,2026-09-15 13:02:12.232661+00,1933,2026-09-15 15:32:54.164+00,no_watcher,2026-09-15 15:32:54.164+00,2026-09-15 16:02:54.164+00,t,1794,4.2600,0.0000,911,96.4516211111111111
11626,5632da729fa7,539,9134,no,2026-09-15 13:16:42.232673+00,1937,2026-09-15 15:32:54.164+00,no_watcher,2026-09-15 15:32:54.164+00,2026-09-15 16:02:54.164+00,t,1794,4.2600,0.0000,911,96.4516211111111111
11926,5632da729fa7,539,9134,no,2026-09-15 13:46:54.734595+00,1941,2026-09-15 15:32:54.164+00,no_watcher,2026-09-15 15:32:54.164+00,2026-09-15 16:02:54.164+00,t,1794,4.2600,0.0000,911,96.4516211111111111
12185,5632da729fa7,539,9134,no,2026-09-15 14:17:24.734152+00,1945,2026-09-15 15:32:54.164+00,no_watcher,2026-09-15 15:32:54.164+00,2026-09-15 16:02:54.164+00,t,1794,4.2600,0.0000,911,96.4516211111111111
12566,5632da729fa7,539,9134,no,2026-09-15 14:47:38.846891+00,1949,2026-09-15 15:32:54.164+00,no_watcher,2026-09-15 15:32:54.164+00,2026-09-15 16:02:54.164+00,t,1794,4.2600,0.0000,911,96.4516211111111111
10531,5632da729fa7,116,24,yes,2026-09-14 23:32:00.393104+00,1953,2026-09-15 19:57:01.328+00,no_watcher,2026-09-15 19:57:01.328+00,2026-09-15 20:27:01.328+00,t,256,-0.7800,-4.7200,284,117.0496311111111111
10902,5632da729fa7,116,24,yes,2026-09-15 05:29:45.581211+00,1956,2026-09-15 19:57:01.328+00,no_watcher,2026-09-15 19:57:01.328+00,2026-09-15 20:27:01.328+00,t,256,-0.7800,-5.2200,284,117.0496311111111111
11154,5632da729fa7,116,24,yes,2026-09-15 05:45:15.580972+00,1959,2026-09-15 19:57:01.328+00,no_watcher,2026-09-15 19:57:01.328+00,2026-09-15 20:27:01.328+00,t,256,-0.7800,-5.2200,284,117.0496311111111111
11652,5632da729fa7,116,24,yes,2026-09-15 13:16:42.232673+00,1962,2026-09-15 19:57:01.328+00,no_watcher,2026-09-15 19:57:01.328+00,2026-09-15 20:27:01.328+00,t,256,-0.7800,-4.6800,284,117.0496311111111111
11815,5632da729fa7,116,24,yes,2026-09-15 13:32:09.734592+00,1964,2026-09-15 19:57:01.328+00,no_watcher,2026-09-15 19:57:01.328+00,2026-09-15 20:27:01.328+00,t,256,-0.7800,-4.6800,284,117.0496311111111111
12092,5632da729fa7,116,24,yes,2026-09-15 14:01:54.734221+00,1966,2026-09-15 19:57:01.328+00,no_watcher,2026-09-15 19:57:01.328+00,2026-09-15 20:27:01.328+00,t,256,-0.7800,-4.6800,284,117.0496311111111111
12225,5632da729fa7,116,24,yes,2026-09-15 14:17:24.734152+00,1968,2026-09-15 19:57:01.328+00,no_watcher,2026-09-15 19:57:01.328+00,2026-09-15 20:27:01.328+00,t,256,-0.7800,-4.4900,284,117.0496311111111111
10566,5632da729fa7,116,23,no,2026-09-14 23:37:00.393193+00,1970,2026-09-15 20:23:27.918+00,no_watcher,2026-09-15 20:23:27.918+00,2026-09-15 20:53:27.918+00,t,868,-0.7800,-4.7200,42,116.6089116666666667
10901,5632da729fa7,116,23,no,2026-09-15 05:29:45.581211+00,1971,2026-09-15 20:23:27.918+00,no_watcher,2026-09-15 20:23:27.918+00,2026-09-15 20:53:27.918+00,t,868,-0.7800,-5.2200,42,116.6089116666666667
11153,5632da729fa7,116,23,no,2026-09-15 05:45:15.580972+00,1972,2026-09-15 20:23:27.918+00,no_watcher,2026-09-15 20:23:27.918+00,2026-09-15 20:53:27.918+00,t,868,-0.7800,-5.2200,42,116.6089116666666667
11651,5632da729fa7,116,23,no,2026-09-15 13:16:42.232673+00,1973,2026-09-15 20:23:27.918+00,no_watcher,2026-09-15 20:23:27.918+00,2026-09-15 20:53:27.918+00,t,868,-0.7800,-4.6800,42,116.6089116666666667
11748,5632da729fa7,116,23,no,2026-09-15 13:31:54.734199+00,1974,2026-09-15 20:23:27.918+00,no_watcher,2026-09-15 20:23:27.918+00,2026-09-15 20:53:27.918+00,t,868,-0.7800,-4.6800,42,116.6089116666666667
11951,5632da729fa7,116,23,no,2026-09-15 13:46:54.734595+00,1975,2026-09-15 20:23:27.918+00,no_watcher,2026-09-15 20:23:27.918+00,2026-09-15 20:53:27.918+00,t,868,-0.7800,-4.6800,42,116.6089116666666667
12091,5632da729fa7,116,23,no,2026-09-15 14:01:54.734221+00,1976,2026-09-15 20:23:27.918+00,no_watcher,2026-09-15 20:23:27.918+00,2026-09-15 20:53:27.918+00,t,868,-0.7800,-4.6800,42,116.6089116666666667
12224,5632da729fa7,116,23,no,2026-09-15 14:17:24.734152+00,1977,2026-09-15 20:23:27.918+00,no_watcher,2026-09-15 20:23:27.918+00,2026-09-15 20:53:27.918+00,t,868,-0.7800,-4.4900,42,116.6089116666666667
11412,5632da729fa7,549,8764,no,2026-09-15 13:02:12.232661+00,2057,2026-09-15 22:10:50.034+00,no_watcher,2026-09-15 22:10:50.034+00,2026-09-15 22:40:50.034+00,t,836,1.7200,-0.2200,1121,96.8194350000000000
11684,5632da729fa7,549,8764,no,2026-09-15 13:16:42.232673+00,2059,2026-09-15 22:10:50.034+00,no_watcher,2026-09-15 22:10:50.034+00,2026-09-15 22:40:50.034+00,t,836,1.7200,-0.2200,1121,96.8194350000000000
11764,5632da729fa7,549,8764,no,2026-09-15 13:31:54.734199+00,2061,2026-09-15 22:10:50.034+00,no_watcher,2026-09-15 22:10:50.034+00,2026-09-15 22:40:50.034+00,t,836,1.7200,-0.2200,1121,96.8194350000000000
11983,5632da729fa7,549,8764,no,2026-09-15 13:46:54.734595+00,2063,2026-09-15 22:10:50.034+00,no_watcher,2026-09-15 22:10:50.034+00,2026-09-15 22:40:50.034+00,t,836,1.7200,-0.2200,1121,96.8194350000000000
12122,5632da729fa7,549,8764,no,2026-09-15 14:01:54.734221+00,2065,2026-09-15 22:10:50.034+00,no_watcher,2026-09-15 22:10:50.034+00,2026-09-15 22:40:50.034+00,t,836,1.7200,-0.2200,1121,96.8194350000000000
12234,5632da729fa7,549,8764,no,2026-09-15 14:17:24.734152+00,2067,2026-09-15 22:10:50.034+00,no_watcher,2026-09-15 22:10:50.034+00,2026-09-15 22:40:50.034+00,t,836,1.7200,-0.2200,1121,96.8194350000000000
12415,5632da729fa7,549,8764,no,2026-09-15 14:32:24.734152+00,2069,2026-09-15 22:10:50.034+00,no_watcher,2026-09-15 22:10:50.034+00,2026-09-15 22:40:50.034+00,t,836,1.7200,-0.2200,1121,96.8194350000000000
12708,5632da729fa7,549,8764,no,2026-09-15 15:03:08.846656+00,2071,2026-09-15 22:10:50.034+00,no_watcher,2026-09-15 22:10:50.034+00,2026-09-15 22:40:50.034+00,t,836,1.7200,-0.2200,1121,96.8194350000000000
12865,5632da729fa7,549,8764,no,2026-09-15 15:18:38.846577+00,2073,2026-09-15 22:10:50.034+00,no_watcher,2026-09-15 22:10:50.034+00,2026-09-15 22:40:50.034+00,t,836,1.7200,-0.2200,1121,96.8194350000000000
14487,5632da729fa7,549,8764,no,2026-09-15 18:06:55.831329+00,2075,2026-09-15 22:10:50.034+00,no_watcher,2026-09-15 22:10:50.034+00,2026-09-15 22:40:50.034+00,t,836,1.7200,-0.2200,1121,96.8194350000000000
15208,5632da729fa7,549,8764,no,2026-09-15 19:23:25.831206+00,2077,2026-09-15 22:10:50.034+00,no_watcher,2026-09-15 22:10:50.034+00,2026-09-15 22:40:50.034+00,t,836,1.7200,-0.2200,1121,96.8194350000000000
9958,5632da729fa7,549,853,no,2026-09-14 15:34:00.393364+00,2090,2026-09-15 22:28:19.772+00,no_watcher,2026-09-15 22:28:19.772+00,2026-09-15 22:58:19.772+00,t,60,-2.5400,-5.3300,85,96.5278411111111111
9959,5632da729fa7,549,854,yes,2026-09-14 15:34:00.393364+00,2093,2026-09-15 22:29:48.095+00,no_watcher,2026-09-15 22:29:48.095+00,2026-09-15 22:59:48.095+00,t,149,-2.5400,-5.3300,174,96.5033069444444444
10345,5632da729fa7,549,854,yes,2026-09-14 18:54:45.39356+00,2152,2026-09-15 23:57:56.471+00,no_watcher,2026-09-15 23:57:56.471+00,2026-09-16 00:27:56.471+00,t,809,-3.2000,-7.2300,885,95.0343136111111111
10484,5632da729fa7,549,854,yes,2026-09-14 19:09:45.393389+00,2155,2026-09-15 23:57:56.471+00,no_watcher,2026-09-15 23:57:56.471+00,2026-09-16 00:27:56.471+00,t,809,-3.2000,-7.2300,885,95.0343136111111111
10483,5632da729fa7,549,853,no,2026-09-14 19:09:45.393389+00,2161,2026-09-16 00:01:32.149+00,no_watcher,2026-09-16 00:01:32.149+00,2026-09-16 00:31:32.149+00,t,140,-3.2000,-7.2300,176,94.9744030555555556
10786,5632da729fa7,549,853,no,2026-09-15 04:18:00.393515+00,2166,2026-09-16 06:21:54.87+00,no_watcher,2026-09-16 06:21:54.87+00,2026-09-16 06:51:54.87+00,t,3625,-2.2000,-6.9800,1825,88.6347583333333333
10997,5632da729fa7,549,853,no,2026-09-15 05:33:30.581168+00,2171,2026-09-16 06:21:54.87+00,no_watcher,2026-09-16 06:21:54.87+00,2026-09-16 06:51:54.87+00,t,3625,-2.2000,-6.9800,1825,88.6347583333333333
11434,5632da729fa7,549,853,no,2026-09-15 13:04:57.232761+00,2178,2026-09-16 15:04:59.82+00,no_watcher,2026-09-16 15:04:59.82+00,2026-09-16 15:34:59.82+00,t,79,-0.2800,-5.2100,139,79.9167166666666667
11552,5632da729fa7,549,853,no,2026-09-15 13:16:42.232673+00,2179,2026-09-16 15:04:59.82+00,no_watcher,2026-09-16 15:04:59.82+00,2026-09-16 15:34:59.82+00,t,79,-0.2800,-5.2100,139,79.9167166666666667
11850,5632da729fa7,549,853,no,2026-09-15 13:46:54.734595+00,2180,2026-09-16 15:04:59.82+00,no_watcher,2026-09-16 15:04:59.82+00,2026-09-16 15:34:59.82+00,t,79,-0.2800,-5.2100,139,79.9167166666666667
12293,5632da729fa7,549,853,no,2026-09-15 14:32:24.734152+00,2181,2026-09-16 15:04:59.82+00,no_watcher,2026-09-16 15:04:59.82+00,2026-09-16 15:34:59.82+00,t,79,-0.2800,-5.2100,139,79.9167166666666667
12444,5632da729fa7,549,853,no,2026-09-15 14:47:38.846891+00,2182,2026-09-16 15:04:59.82+00,no_watcher,2026-09-16 15:04:59.82+00,2026-09-16 15:34:59.82+00,t,79,-0.2800,-5.2100,139,79.9167166666666667
12589,5632da729fa7,549,853,no,2026-09-15 15:03:08.846656+00,2183,2026-09-16 15:04:59.82+00,no_watcher,2026-09-16 15:04:59.82+00,2026-09-16 15:34:59.82+00,t,79,-0.2800,-5.2100,139,79.9167166666666667
12741,5632da729fa7,549,853,no,2026-09-15 15:18:38.846577+00,2184,2026-09-16 15:04:59.82+00,no_watcher,2026-09-16 15:04:59.82+00,2026-09-16 15:34:59.82+00,t,79,-0.2800,-5.2100,139,79.9167166666666667
12901,5632da729fa7,549,853,no,2026-09-15 15:34:23.846316+00,2185,2026-09-16 15:04:59.82+00,no_watcher,2026-09-16 15:04:59.82+00,2026-09-16 15:34:59.82+00,t,79,-0.2800,-5.2100,139,79.9167166666666667
13052,5632da729fa7,549,853,no,2026-09-15 15:49:23.846493+00,2186,2026-09-16 15:04:59.82+00,no_watcher,2026-09-16 15:04:59.82+00,2026-09-16 15:34:59.82+00,t,79,-0.2800,-5.2100,139,79.9167166666666667
9773,5632da729fa7,539,9135,no,2026-09-14 15:03:30.393249+00,2187,2026-09-15 15:38:08.481+00,no_watcher,2026-09-15 15:38:08.481+00,2026-09-15 16:08:08.481+00,t,260,-1.7900,-2.9800,308,96.3643108333333333
9932,5632da729fa7,539,9135,no,2026-09-14 15:34:00.393364+00,2190,2026-09-15 15:38:08.481+00,no_watcher,2026-09-15 15:38:08.481+00,2026-09-15 16:08:08.481+00,t,260,-0.7900,-2.3400,308,96.3643108333333333
10593,5632da729fa7,118,25,no,2026-09-14 23:42:00.393081+00,2203,2026-09-16 18:53:11.799+00,no_watcher,2026-09-16 18:53:11.799+00,2026-09-16 19:23:11.799+00,t,47,1.5300,-1.2400,96,94.1133891666666667
10914,5632da729fa7,118,25,no,2026-09-15 05:29:45.581211+00,2204,2026-09-16 18:53:11.799+00,no_watcher,2026-09-16 18:53:11.799+00,2026-09-16 19:23:11.799+00,t,47,1.5300,-1.2400,96,94.1133891666666667
11167,5632da729fa7,118,25,no,2026-09-15 05:45:15.580972+00,2205,2026-09-16 18:53:11.799+00,no_watcher,2026-09-16 18:53:11.799+00,2026-09-16 19:23:11.799+00,t,47,1.5300,-1.2400,96,94.1133891666666667
11535,5632da729fa7,118,25,no,2026-09-15 13:04:57.232761+00,2206,2026-09-16 18:53:11.799+00,no_watcher,2026-09-16 18:53:11.799+00,2026-09-16 19:23:11.799+00,t,47,1.5300,-1.2400,96,94.1133891666666667
11617,5632da729fa7,118,25,no,2026-09-15 13:16:42.232673+00,2219,2026-09-16 18:53:11.799+00,no_watcher,2026-09-16 18:53:11.799+00,2026-09-16 19:23:11.799+00,t,47,1.5300,-1.2400,96,94.1133891666666667
11727,5632da729fa7,118,25,no,2026-09-15 13:31:54.734199+00,2223,2026-09-16 18:53:11.799+00,no_watcher,2026-09-16 18:53:11.799+00,2026-09-16 19:23:11.799+00,t,47,1.5300,-1.2400,96,94.1133891666666667
11919,5632da729fa7,118,25,no,2026-09-15 13:46:54.734595+00,2228,2026-09-16 18:53:11.799+00,no_watcher,2026-09-16 18:53:11.799+00,2026-09-16 19:23:11.799+00,t,47,1.5300,-1.2400,96,94.1133891666666667
10560,5632da729fa7,118,26,yes,2026-09-14 23:37:00.393193+00,2262,2026-09-16 19:15:20.422+00,no_watcher,2026-09-16 19:15:20.422+00,2026-09-16 19:45:20.422+00,t,431,1.5300,-2.0000,501,93.7443272222222222
10915,5632da729fa7,118,26,yes,2026-09-15 05:29:45.581211+00,2271,2026-09-16 19:15:20.422+00,no_watcher,2026-09-16 19:15:20.422+00,2026-09-16 19:45:20.422+00,t,431,1.5300,-2.0000,501,93.7443272222222222
11168,5632da729fa7,118,26,yes,2026-09-15 05:45:15.580972+00,2280,2026-09-16 19:15:20.422+00,no_watcher,2026-09-16 19:15:20.422+00,2026-09-16 19:45:20.422+00,t,431,1.5300,-2.0000,501,93.7443272222222222
11536,5632da729fa7,118,26,yes,2026-09-15 13:04:57.232761+00,2289,2026-09-16 19:15:20.422+00,no_watcher,2026-09-16 19:15:20.422+00,2026-09-16 19:45:20.422+00,t,431,1.5300,-2.0000,501,93.7443272222222222
11618,5632da729fa7,118,26,yes,2026-09-15 13:16:42.232673+00,2295,2026-09-16 19:15:20.422+00,no_watcher,2026-09-16 19:15:20.422+00,2026-09-16 19:45:20.422+00,t,431,1.5300,-2.0000,501,93.7443272222222222
11728,5632da729fa7,118,26,yes,2026-09-15 13:31:54.734199+00,2301,2026-09-16 19:15:20.422+00,no_watcher,2026-09-16 19:15:20.422+00,2026-09-16 19:45:20.422+00,t,431,1.5300,-2.0000,501,93.7443272222222222
10003,5632da729fa7,121,21,no,2026-09-14 15:34:00.393364+00,2367,2026-09-16 20:24:28.751+00,no_watcher,2026-09-16 20:24:28.751+00,2026-09-16 20:54:28.751+00,t,23,0.6100,-3.4400,96,92.5920136111111111
10787,5632da729fa7,549,854,yes,2026-09-15 04:18:00.393515+00,2470,2026-09-17 00:22:23.854+00,no_watcher,2026-09-17 00:22:23.854+00,2026-09-17 00:52:23.854+00,t,559,-1.2100,-7.0300,601,70.6267072222222222
10998,5632da729fa7,549,854,yes,2026-09-15 05:33:30.581168+00,2474,2026-09-17 00:22:23.854+00,no_watcher,2026-09-17 00:22:23.854+00,2026-09-17 00:52:23.854+00,t,559,-1.2100,-7.0300,601,70.6267072222222222
9816,5632da729fa7,469,1243,no,2026-09-14 15:03:30.393249+00,2480,2026-09-17 00:40:14.429+00,no_watcher,2026-09-17 00:40:14.429+00,2026-09-17 01:10:14.429+00,t,713,-3.3100,-1.2900,734,70.8293252777777778
9817,5632da729fa7,469,1244,yes,2026-09-14 15:03:30.393249+00,2481,2026-09-17 00:40:17.012+00,no_watcher,2026-09-17 00:40:17.012+00,2026-09-17 01:10:17.012+00,t,716,-3.3100,-1.2900,737,70.8286077777777778
9992,5632da729fa7,469,1243,no,2026-09-14 15:34:00.393364+00,2487,2026-09-17 00:40:14.429+00,no_watcher,2026-09-17 00:40:14.429+00,2026-09-17 01:10:14.429+00,t,713,-3.3100,-1.6000,734,70.8293252777777778
9993,5632da729fa7,469,1244,yes,2026-09-14 15:34:00.393364+00,2488,2026-09-17 00:40:17.012+00,no_watcher,2026-09-17 00:40:17.012+00,2026-09-17 01:10:17.012+00,t,716,-3.3100,-1.6000,737,70.8286077777777778
10138,5632da729fa7,469,1243,no,2026-09-14 17:54:30.393423+00,2494,2026-09-17 00:41:24.855+00,no_watcher,2026-09-17 00:41:24.855+00,2026-09-17 01:11:24.855+00,t,783,-1.3100,0.4800,804,70.8097625000000000
10251,5632da729fa7,469,1243,no,2026-09-14 18:09:30.393291+00,2495,2026-09-17 00:41:24.855+00,no_watcher,2026-09-17 00:41:24.855+00,2026-09-17 01:11:24.855+00,t,783,-1.3100,0.4800,804,70.8097625000000000
10347,5632da729fa7,469,1243,no,2026-09-14 18:54:45.39356+00,2496,2026-09-17 00:41:24.855+00,no_watcher,2026-09-17 00:41:24.855+00,2026-09-17 01:11:24.855+00,t,783,-1.3100,0.4800,804,70.8097625000000000
10487,5632da729fa7,469,1243,no,2026-09-14 19:09:45.393389+00,2497,2026-09-17 00:41:24.855+00,no_watcher,2026-09-17 00:41:24.855+00,2026-09-17 01:11:24.855+00,t,783,-1.3100,0.4800,804,70.8097625000000000
10139,5632da729fa7,469,1244,yes,2026-09-14 17:54:30.393423+00,2498,2026-09-17 00:43:25.48+00,no_watcher,2026-09-17 00:43:25.48+00,2026-09-17 01:13:25.48+00,t,904,-1.3100,0.4800,21,70.7762555555555556
10252,5632da729fa7,469,1244,yes,2026-09-14 18:09:30.393291+00,2508,2026-09-17 00:43:25.48+00,no_watcher,2026-09-17 00:43:25.48+00,2026-09-17 01:13:25.48+00,t,904,-1.3100,0.4800,21,70.7762555555555556
10488,5632da729fa7,469,1244,yes,2026-09-14 19:09:45.393389+00,2518,2026-09-17 00:43:25.48+00,no_watcher,2026-09-17 00:43:25.48+00,2026-09-17 01:13:25.48+00,t,904,-1.3100,0.4800,21,70.7762555555555556
10524,5632da729fa7,469,1243,no,2026-09-14 22:56:45.393176+00,2528,2026-09-17 00:43:26.352+00,no_watcher,2026-09-17 00:43:26.352+00,2026-09-17 01:13:26.352+00,t,0,-2.7800,1.0300,22,70.7760133333333333
10525,5632da729fa7,469,1244,yes,2026-09-14 22:56:45.393176+00,2535,2026-09-17 00:44:42.775+00,no_watcher,2026-09-17 00:44:42.775+00,2026-09-17 01:14:42.775+00,t,76,-2.7800,1.0300,98,70.7547847222222222
10641,5632da729fa7,469,1243,no,2026-09-14 23:42:30.39343+00,2561,2026-09-17 00:43:26.352+00,no_watcher,2026-09-17 00:43:26.352+00,2026-09-17 01:13:26.352+00,t,0,-2.7800,1.0300,22,70.7760133333333333
10696,5632da729fa7,469,1244,yes,2026-09-15 00:27:15.393264+00,2568,2026-09-17 00:44:42.775+00,no_watcher,2026-09-17 00:44:42.775+00,2026-09-17 01:14:42.775+00,t,76,-2.7800,1.0300,98,70.7547847222222222
10772,5632da729fa7,469,1244,yes,2026-09-15 03:02:45.393323+00,2594,2026-09-17 00:44:42.775+00,no_watcher,2026-09-17 00:44:42.775+00,2026-09-17 01:14:42.775+00,t,76,-2.7800,1.0300,98,70.7547847222222222
10806,5632da729fa7,469,1243,no,2026-09-15 04:18:00.393515+00,2620,2026-09-17 00:43:26.352+00,no_watcher,2026-09-17 00:43:26.352+00,2026-09-17 01:13:26.352+00,t,0,-2.7800,1.0300,22,70.7760133333333333
11005,5632da729fa7,469,1244,yes,2026-09-15 05:33:30.581168+00,2631,2026-09-17 00:44:42.775+00,no_watcher,2026-09-17 00:44:42.775+00,2026-09-17 01:14:42.775+00,t,76,-2.7800,1.0300,98,70.7547847222222222
10004,5632da729fa7,121,22,yes,2026-09-14 15:34:00.393364+00,2644,2026-09-17 03:46:13.798+00,no_watcher,2026-09-17 03:46:13.798+00,2026-09-17 04:16:13.798+00,t,871,0.4600,-3.5900,902,85.2295005555555556
11004,5632da729fa7,469,1243,no,2026-09-15 05:33:30.581168+00,2660,2026-09-17 00:43:26.352+00,no_watcher,2026-09-17 00:43:26.352+00,2026-09-17 01:13:26.352+00,t,0,-2.7800,1.0300,22,70.7760133333333333
11271,5632da729fa7,469,1243,no,2026-09-15 05:49:00.581206+00,2680,2026-09-17 00:43:26.352+00,no_watcher,2026-09-17 00:43:26.352+00,2026-09-17 01:13:26.352+00,t,0,-2.7800,1.0300,22,70.7760133333333333
11374,5632da729fa7,469,1244,yes,2026-09-15 05:50:30.581207+00,2687,2026-09-17 00:44:42.775+00,no_watcher,2026-09-17 00:44:42.775+00,2026-09-17 01:14:42.775+00,t,76,-2.7800,1.0300,98,70.7547847222222222
11476,5632da729fa7,469,1244,yes,2026-09-15 13:04:57.232761+00,2717,2026-09-17 00:44:42.775+00,no_watcher,2026-09-17 00:44:42.775+00,2026-09-17 01:14:42.775+00,t,76,-2.7800,1.0300,98,70.7547847222222222
11577,5632da729fa7,469,1244,yes,2026-09-15 13:16:42.232673+00,2747,2026-09-17 00:44:42.775+00,no_watcher,2026-09-17 00:44:42.775+00,2026-09-17 01:14:42.775+00,t,76,-2.7800,1.0300,98,70.7547847222222222
11698,5632da729fa7,469,1244,yes,2026-09-15 13:31:54.734199+00,2773,2026-09-17 00:44:42.775+00,no_watcher,2026-09-17 00:44:42.775+00,2026-09-17 01:14:42.775+00,t,76,-2.7800,1.0300,98,70.7547847222222222
11868,5632da729fa7,469,1244,yes,2026-09-15 13:46:54.734595+00,2804,2026-09-17 00:44:42.775+00,no_watcher,2026-09-17 00:44:42.775+00,2026-09-17 01:14:42.775+00,t,76,-2.7800,1.0300,98,70.7547847222222222
11475,5632da729fa7,469,1243,no,2026-09-15 13:04:57.232761+00,2830,2026-09-17 00:43:26.352+00,no_watcher,2026-09-17 00:43:26.352+00,2026-09-17 01:13:26.352+00,t,0,-2.7800,1.0300,22,70.7760133333333333
11576,5632da729fa7,469,1243,no,2026-09-15 13:16:42.232673+00,2837,2026-09-17 00:43:26.352+00,no_watcher,2026-09-17 00:43:26.352+00,2026-09-17 01:13:26.352+00,t,0,-2.7800,1.0300,22,70.7760133333333333
12011,5632da729fa7,469,1244,yes,2026-09-15 14:01:54.734221+00,2844,2026-09-17 00:44:42.775+00,no_watcher,2026-09-17 00:44:42.775+00,2026-09-17 01:14:42.775+00,t,76,-2.7800,1.0300,98,70.7547847222222222
12151,5632da729fa7,469,1244,yes,2026-09-15 14:17:24.734152+00,2876,2026-09-17 00:44:42.775+00,no_watcher,2026-09-17 00:44:42.775+00,2026-09-17 01:14:42.775+00,t,76,-2.7800,1.0300,98,70.7547847222222222
12317,5632da729fa7,469,1244,yes,2026-09-15 14:32:24.734152+00,2902,2026-09-17 00:44:42.775+00,no_watcher,2026-09-17 00:44:42.775+00,2026-09-17 01:14:42.775+00,t,76,-2.7800,1.0300,98,70.7547847222222222
12481,5632da729fa7,469,1244,yes,2026-09-15 14:47:38.846891+00,2928,2026-09-17 00:44:42.775+00,no_watcher,2026-09-17 00:44:42.775+00,2026-09-17 01:14:42.775+00,t,76,-2.7800,1.0300,98,70.7547847222222222
12609,5632da729fa7,469,1244,yes,2026-09-15 15:03:08.846656+00,2954,2026-09-17 00:44:42.775+00,no_watcher,2026-09-17 00:44:42.775+00,2026-09-17 01:14:42.775+00,t,76,-2.7800,1.0300,98,70.7547847222222222
12786,5632da729fa7,469,1244,yes,2026-09-15 15:18:38.846577+00,2980,2026-09-17 00:43:25.48+00,no_watcher,2026-09-17 00:43:25.48+00,2026-09-17 01:13:25.48+00,t,904,-1.3100,0.3500,21,70.7762555555555556
12951,5632da729fa7,469,1244,yes,2026-09-15 15:34:23.846316+00,2990,2026-09-17 00:43:25.48+00,no_watcher,2026-09-17 00:43:25.48+00,2026-09-17 01:13:25.48+00,t,904,-1.3100,0.3500,21,70.7762555555555556
13135,5632da729fa7,469,1244,yes,2026-09-15 15:49:23.846493+00,3000,2026-09-17 00:43:25.48+00,no_watcher,2026-09-17 00:43:25.48+00,2026-09-17 01:13:25.48+00,t,904,-1.3100,0.3500,21,70.7762555555555556
13251,5632da729fa7,469,1244,yes,2026-09-15 16:04:53.846703+00,3010,2026-09-17 00:43:25.48+00,no_watcher,2026-09-17 00:43:25.48+00,2026-09-17 01:13:25.48+00,t,904,-1.3100,0.3500,21,70.7762555555555556
13396,5632da729fa7,469,1244,yes,2026-09-15 16:20:23.846594+00,3020,2026-09-17 00:43:25.48+00,no_watcher,2026-09-17 00:43:25.48+00,2026-09-17 01:13:25.48+00,t,904,-1.3100,0.3500,21,70.7762555555555556
13581,5632da729fa7,469,1244,yes,2026-09-15 16:36:08.846377+00,3030,2026-09-17 00:43:25.48+00,no_watcher,2026-09-17 00:43:25.48+00,2026-09-17 01:13:25.48+00,t,904,-1.3100,0.3500,21,70.7762555555555556
13711,5632da729fa7,469,1244,yes,2026-09-15 16:51:38.846553+00,3040,2026-09-17 00:43:25.48+00,no_watcher,2026-09-17 00:43:25.48+00,2026-09-17 01:13:25.48+00,t,904,-1.3100,0.3500,21,70.7762555555555556
13496,5632da729fa7,549,853,no,2026-09-15 16:36:08.846377+00,3083,2026-09-16 15:04:59.82+00,no_watcher,2026-09-16 15:04:59.82+00,2026-09-16 15:34:59.82+00,t,79,-0.2800,-5.2100,139,79.9167166666666667
13646,5632da729fa7,549,853,no,2026-09-15 16:51:38.846553+00,3091,2026-09-16 15:04:59.82+00,no_watcher,2026-09-16 15:04:59.82+00,2026-09-16 15:34:59.82+00,t,79,-0.2800,-5.2100,139,79.9167166666666667
13770,5632da729fa7,549,853,no,2026-09-15 17:06:08.846674+00,3099,2026-09-16 15:04:59.82+00,no_watcher,2026-09-16 15:04:59.82+00,2026-09-16 15:34:59.82+00,t,79,-0.2800,-5.2100,139,79.9167166666666667
13845,5632da729fa7,469,1244,yes,2026-09-15 17:06:08.846674+00,3107,2026-09-17 00:43:25.48+00,no_watcher,2026-09-17 00:43:25.48+00,2026-09-17 01:13:25.48+00,t,904,-1.3100,0.3500,21,70.7762555555555556
13895,5632da729fa7,549,853,no,2026-09-15 17:21:23.84651+00,3117,2026-09-16 15:04:59.82+00,no_watcher,2026-09-16 15:04:59.82+00,2026-09-16 15:34:59.82+00,t,79,-0.2800,-5.2100,139,79.9167166666666667
13942,5632da729fa7,469,1244,yes,2026-09-15 17:21:23.84651+00,3125,2026-09-17 00:43:25.48+00,no_watcher,2026-09-17 00:43:25.48+00,2026-09-17 01:13:25.48+00,t,904,-1.3100,0.3500,21,70.7762555555555556
14045,5632da729fa7,549,853,no,2026-09-15 17:36:40.831181+00,3135,2026-09-16 15:04:59.82+00,no_watcher,2026-09-16 15:04:59.82+00,2026-09-16 15:34:59.82+00,t,79,-0.2800,-5.2100,139,79.9167166666666667
14087,5632da729fa7,469,1244,yes,2026-09-15 17:36:40.831181+00,3143,2026-09-17 00:43:25.48+00,no_watcher,2026-09-17 00:43:25.48+00,2026-09-17 01:13:25.48+00,t,904,-1.3100,0.3500,21,70.7762555555555556
14395,5632da729fa7,469,1244,yes,2026-09-15 18:06:55.831329+00,3153,2026-09-17 00:43:25.48+00,no_watcher,2026-09-17 00:43:25.48+00,2026-09-17 01:13:25.48+00,t,904,-1.3100,0.3500,21,70.7762555555555556
14525,5632da729fa7,469,1244,yes,2026-09-15 18:22:10.83129+00,3163,2026-09-17 00:43:25.48+00,no_watcher,2026-09-17 00:43:25.48+00,2026-09-17 01:13:25.48+00,t,904,-1.3100,0.3500,21,70.7762555555555556
14817,5632da729fa7,469,1244,yes,2026-09-15 18:52:40.831374+00,3173,2026-09-17 00:43:25.48+00,no_watcher,2026-09-17 00:43:25.48+00,2026-09-17 01:13:25.48+00,t,904,-1.3100,0.3500,21,70.7762555555555556
14984,5632da729fa7,469,1244,yes,2026-09-15 19:07:55.831344+00,3183,2026-09-17 00:43:25.48+00,no_watcher,2026-09-17 00:43:25.48+00,2026-09-17 01:13:25.48+00,t,904,-1.3100,0.3500,21,70.7762555555555556
12316,5632da729fa7,469,1243,no,2026-09-15 14:32:24.734152+00,3193,2026-09-17 00:43:26.352+00,no_watcher,2026-09-17 00:43:26.352+00,2026-09-17 01:13:26.352+00,t,0,-2.7800,1.0300,22,70.7760133333333333
12480,5632da729fa7,469,1243,no,2026-09-15 14:47:38.846891+00,3200,2026-09-17 00:43:26.352+00,no_watcher,2026-09-17 00:43:26.352+00,2026-09-17 01:13:26.352+00,t,0,-2.7800,1.0300,22,70.7760133333333333
12608,5632da729fa7,469,1243,no,2026-09-15 15:03:08.846656+00,3207,2026-09-17 00:43:26.352+00,no_watcher,2026-09-17 00:43:26.352+00,2026-09-17 01:13:26.352+00,t,0,-2.7800,1.0300,22,70.7760133333333333
12950,5632da729fa7,469,1243,no,2026-09-15 15:34:23.846316+00,3214,2026-09-17 00:41:24.855+00,no_watcher,2026-09-17 00:41:24.855+00,2026-09-17 01:11:24.855+00,t,783,-1.3100,0.3500,804,70.8097625000000000
13134,5632da729fa7,469,1243,no,2026-09-15 15:49:23.846493+00,3215,2026-09-17 00:41:24.855+00,no_watcher,2026-09-17 00:41:24.855+00,2026-09-17 01:11:24.855+00,t,783,-1.3100,0.3500,804,70.8097625000000000
13250,5632da729fa7,469,1243,no,2026-09-15 16:04:53.846703+00,3216,2026-09-17 00:41:24.855+00,no_watcher,2026-09-17 00:41:24.855+00,2026-09-17 01:11:24.855+00,t,783,-1.3100,0.3500,804,70.8097625000000000
13395,5632da729fa7,469,1243,no,2026-09-15 16:20:23.846594+00,3217,2026-09-17 00:41:24.855+00,no_watcher,2026-09-17 00:41:24.855+00,2026-09-17 01:11:24.855+00,t,783,-1.3100,0.3500,804,70.8097625000000000
13580,5632da729fa7,469,1243,no,2026-09-15 16:36:08.846377+00,3218,2026-09-17 00:41:24.855+00,no_watcher,2026-09-17 00:41:24.855+00,2026-09-17 01:11:24.855+00,t,783,-1.3100,0.3500,804,70.8097625000000000
13710,5632da729fa7,469,1243,no,2026-09-15 16:51:38.846553+00,3219,2026-09-17 00:41:24.855+00,no_watcher,2026-09-17 00:41:24.855+00,2026-09-17 01:11:24.855+00,t,783,-1.3100,0.3500,804,70.8097625000000000
13844,5632da729fa7,469,1243,no,2026-09-15 17:06:08.846674+00,3220,2026-09-17 00:41:24.855+00,no_watcher,2026-09-17 00:41:24.855+00,2026-09-17 01:11:24.855+00,t,783,-1.3100,0.3500,804,70.8097625000000000
13941,5632da729fa7,469,1243,no,2026-09-15 17:21:23.84651+00,3221,2026-09-17 00:41:24.855+00,no_watcher,2026-09-17 00:41:24.855+00,2026-09-17 01:11:24.855+00,t,783,-1.3100,0.3500,804,70.8097625000000000
14086,5632da729fa7,469,1243,no,2026-09-15 17:36:40.831181+00,3222,2026-09-17 00:41:24.855+00,no_watcher,2026-09-17 00:41:24.855+00,2026-09-17 01:11:24.855+00,t,783,-1.3100,0.3500,804,70.8097625000000000
14318,5632da729fa7,469,1243,no,2026-09-15 17:52:10.831336+00,3223,2026-09-17 00:41:24.855+00,no_watcher,2026-09-17 00:41:24.855+00,2026-09-17 01:11:24.855+00,t,783,-1.3100,0.3500,804,70.8097625000000000
14394,5632da729fa7,469,1243,no,2026-09-15 18:06:55.831329+00,3224,2026-09-17 00:41:24.855+00,no_watcher,2026-09-17 00:41:24.855+00,2026-09-17 01:11:24.855+00,t,783,-1.3100,0.3500,804,70.8097625000000000
14664,5632da729fa7,469,1243,no,2026-09-15 18:37:25.831428+00,3225,2026-09-17 00:41:24.855+00,no_watcher,2026-09-17 00:41:24.855+00,2026-09-17 01:11:24.855+00,t,783,-1.3100,0.3500,804,70.8097625000000000
14816,5632da729fa7,469,1243,no,2026-09-15 18:52:40.831374+00,3226,2026-09-17 00:41:24.855+00,no_watcher,2026-09-17 00:41:24.855+00,2026-09-17 01:11:24.855+00,t,783,-1.3100,0.3500,804,70.8097625000000000
14983,5632da729fa7,469,1243,no,2026-09-15 19:07:55.831344+00,3227,2026-09-17 00:41:24.855+00,no_watcher,2026-09-17 00:41:24.855+00,2026-09-17 01:11:24.855+00,t,783,-1.3100,0.3500,804,70.8097625000000000
15112,5632da729fa7,469,1243,no,2026-09-15 19:23:25.831206+00,3228,2026-09-17 00:41:24.855+00,no_watcher,2026-09-17 00:41:24.855+00,2026-09-17 01:11:24.855+00,t,783,-1.3100,0.3500,804,70.8097625000000000
15113,5632da729fa7,469,1244,yes,2026-09-15 19:23:25.831206+00,3229,2026-09-17 00:43:25.48+00,no_watcher,2026-09-17 00:43:25.48+00,2026-09-17 01:13:25.48+00,t,904,-1.3100,0.3500,21,70.7762555555555556
15271,5632da729fa7,469,1243,no,2026-09-15 19:38:10.831142+00,3239,2026-09-17 00:41:24.855+00,no_watcher,2026-09-17 00:41:24.855+00,2026-09-17 01:11:24.855+00,t,783,-1.3100,0.3500,804,70.8097625000000000
15272,5632da729fa7,469,1244,yes,2026-09-15 19:38:10.831142+00,3240,2026-09-17 00:43:25.48+00,no_watcher,2026-09-17 00:43:25.48+00,2026-09-17 01:13:25.48+00,t,904,-1.3100,0.3500,21,70.7762555555555556
15415,5632da729fa7,469,1243,no,2026-09-15 19:53:25.831325+00,3250,2026-09-17 00:41:24.855+00,no_watcher,2026-09-17 00:41:24.855+00,2026-09-17 01:11:24.855+00,t,783,-1.3100,0.3500,804,70.8097625000000000
15588,5632da729fa7,469,1243,no,2026-09-15 20:08:55.831299+00,3251,2026-09-17 00:41:24.855+00,no_watcher,2026-09-17 00:41:24.855+00,2026-09-17 01:11:24.855+00,t,783,-1.3100,0.2900,804,70.8097625000000000
15589,5632da729fa7,469,1244,yes,2026-09-15 20:08:55.831299+00,3252,2026-09-17 00:43:25.48+00,no_watcher,2026-09-17 00:43:25.48+00,2026-09-17 01:13:25.48+00,t,904,-1.3100,0.2900,21,70.7762555555555556
15738,5632da729fa7,469,1244,yes,2026-09-15 20:24:40.831444+00,3262,2026-09-17 00:43:25.48+00,no_watcher,2026-09-17 00:43:25.48+00,2026-09-17 01:13:25.48+00,t,904,-1.3100,0.2900,21,70.7762555555555556
15861,5632da729fa7,469,1243,no,2026-09-15 20:40:25.203383+00,3272,2026-09-17 00:41:24.855+00,no_watcher,2026-09-17 00:41:24.855+00,2026-09-17 01:11:24.855+00,t,783,-1.3100,0.2900,804,70.8097625000000000
15862,5632da729fa7,469,1244,yes,2026-09-15 20:40:25.203383+00,3273,2026-09-17 00:43:25.48+00,no_watcher,2026-09-17 00:43:25.48+00,2026-09-17 01:13:25.48+00,t,904,-1.3100,0.2900,21,70.7762555555555556
19329,5632da729fa7,533,8445,yes,2026-09-16 02:34:10.203836+00,3283,2026-09-17 01:14:06.697+00,no_watcher,2026-09-17 01:14:06.697+00,2026-09-17 01:44:06.697+00,t,937,1.3500,-2.2200,40,62.7648063888888889
20471,5632da729fa7,533,8445,yes,2026-09-16 04:36:24.120708+00,3284,2026-09-17 01:14:06.697+00,no_watcher,2026-09-17 01:14:06.697+00,2026-09-17 01:44:06.697+00,t,937,1.3500,-2.2200,40,62.7648063888888889
21805,5632da729fa7,533,8445,yes,2026-09-16 13:47:39.120538+00,3286,2026-09-17 01:14:06.697+00,no_watcher,2026-09-17 01:14:06.697+00,2026-09-17 01:44:06.697+00,t,937,1.3500,-2.2200,40,62.7648063888888889
16043,5632da729fa7,469,1244,yes,2026-09-15 20:55:55.203831+00,3288,2026-09-17 00:43:25.48+00,no_watcher,2026-09-17 00:43:25.48+00,2026-09-17 01:13:25.48+00,t,904,-1.3100,0.2900,21,70.7762555555555556
16159,5632da729fa7,469,1244,yes,2026-09-15 21:11:25.203741+00,3298,2026-09-17 00:43:25.48+00,no_watcher,2026-09-17 00:43:25.48+00,2026-09-17 01:13:25.48+00,t,904,-1.3100,0.2900,21,70.7762555555555556
16335,5632da729fa7,469,1244,yes,2026-09-15 21:26:40.203875+00,3308,2026-09-17 00:43:25.48+00,no_watcher,2026-09-17 00:43:25.48+00,2026-09-17 01:13:25.48+00,t,904,-1.3100,0.2900,21,70.7762555555555556
16916,5632da729fa7,469,1244,yes,2026-09-15 22:28:10.20337+00,3318,2026-09-17 00:42:10.836+00,no_watcher,2026-09-17 00:42:10.836+00,2026-09-17 01:12:10.836+00,t,829,-2.3100,-0.2000,850,70.7969900000000000
17268,5632da729fa7,469,1244,yes,2026-09-15 22:58:40.203653+00,3324,2026-09-17 00:42:10.836+00,no_watcher,2026-09-17 00:42:10.836+00,2026-09-17 01:12:10.836+00,t,829,-2.3100,-0.2000,850,70.7969900000000000
17401,5632da729fa7,469,1244,yes,2026-09-15 23:14:25.203731+00,3336,2026-09-17 00:42:10.836+00,no_watcher,2026-09-17 00:42:10.836+00,2026-09-17 01:12:10.836+00,t,829,-2.3100,-0.2000,850,70.7969900000000000
17549,5632da729fa7,469,1244,yes,2026-09-15 23:29:40.203561+00,3348,2026-09-17 00:42:10.836+00,no_watcher,2026-09-17 00:42:10.836+00,2026-09-17 01:12:10.836+00,t,829,-2.3100,-0.2000,850,70.7969900000000000
17997,5632da729fa7,469,1244,yes,2026-09-16 00:15:40.203555+00,3360,2026-09-17 00:42:10.836+00,no_watcher,2026-09-17 00:42:10.836+00,2026-09-17 01:12:10.836+00,t,829,-2.3100,-0.2000,850,70.7969900000000000
18124,5632da729fa7,469,1244,yes,2026-09-16 00:30:40.203737+00,3372,2026-09-17 00:42:10.836+00,no_watcher,2026-09-17 00:42:10.836+00,2026-09-17 01:12:10.836+00,t,829,-2.3100,-0.2000,850,70.7969900000000000
18262,5632da729fa7,469,1244,yes,2026-09-16 00:46:10.203743+00,3384,2026-09-17 00:42:10.836+00,no_watcher,2026-09-17 00:42:10.836+00,2026-09-17 01:12:10.836+00,t,829,-2.3100,-0.2000,850,70.7969900000000000
18414,5632da729fa7,469,1244,yes,2026-09-16 01:01:40.203769+00,3396,2026-09-17 00:42:10.836+00,no_watcher,2026-09-17 00:42:10.836+00,2026-09-17 01:12:10.836+00,t,829,-2.3100,-0.2000,850,70.7969900000000000
18737,5632da729fa7,469,1244,yes,2026-09-16 01:32:40.203659+00,3408,2026-09-17 00:42:10.836+00,no_watcher,2026-09-17 00:42:10.836+00,2026-09-17 01:12:10.836+00,t,829,-2.3100,-0.2000,850,70.7969900000000000
19037,5632da729fa7,469,1244,yes,2026-09-16 02:04:10.203577+00,3420,2026-09-17 00:42:10.836+00,no_watcher,2026-09-17 00:42:10.836+00,2026-09-17 01:12:10.836+00,t,829,-2.3100,-0.2000,850,70.7969900000000000
19173,5632da729fa7,469,1244,yes,2026-09-16 02:18:55.203606+00,3426,2026-09-17 00:42:10.836+00,no_watcher,2026-09-17 00:42:10.836+00,2026-09-17 01:12:10.836+00,t,829,-2.3100,-0.2000,850,70.7969900000000000
19743,5632da729fa7,469,1244,yes,2026-09-16 03:19:39.120193+00,3438,2026-09-17 00:42:10.836+00,no_watcher,2026-09-17 00:42:10.836+00,2026-09-17 01:12:10.836+00,t,829,-2.3100,0.0000,850,70.7969900000000000
20054,5632da729fa7,469,1244,yes,2026-09-16 03:50:39.120596+00,3450,2026-09-17 00:42:10.836+00,no_watcher,2026-09-17 00:42:10.836+00,2026-09-17 01:12:10.836+00,t,829,-2.3100,0.0000,850,70.7969900000000000
20487,5632da729fa7,469,1244,yes,2026-09-16 04:36:24.120708+00,3462,2026-09-17 00:42:10.836+00,no_watcher,2026-09-17 00:42:10.836+00,2026-09-17 01:12:10.836+00,t,829,-2.3100,0.0000,850,70.7969900000000000
20934,5632da729fa7,469,1244,yes,2026-09-16 05:21:54.120433+00,3474,2026-09-17 00:42:10.836+00,no_watcher,2026-09-17 00:42:10.836+00,2026-09-17 01:12:10.836+00,t,829,-2.3100,0.0000,850,70.7969900000000000
21199,5632da729fa7,469,1244,yes,2026-09-16 05:52:54.120415+00,3486,2026-09-17 00:42:10.836+00,no_watcher,2026-09-17 00:42:10.836+00,2026-09-17 01:12:10.836+00,t,829,-2.3100,0.0000,850,70.7969900000000000
21540,5632da729fa7,469,1244,yes,2026-09-16 13:17:39.120204+00,3498,2026-09-17 00:42:10.836+00,no_watcher,2026-09-17 00:42:10.836+00,2026-09-17 01:12:10.836+00,t,829,-2.3100,-0.1100,850,70.7969900000000000
21793,5632da729fa7,469,1244,yes,2026-09-16 13:47:39.120538+00,3510,2026-09-17 00:42:10.836+00,no_watcher,2026-09-17 00:42:10.836+00,2026-09-17 01:12:10.836+00,t,829,-2.3100,-0.1100,850,70.7969900000000000
21961,5632da729fa7,469,1244,yes,2026-09-16 14:02:54.120554+00,3522,2026-09-17 00:42:10.836+00,no_watcher,2026-09-17 00:42:10.836+00,2026-09-17 01:12:10.836+00,t,829,-2.3100,-0.1100,850,70.7969900000000000
22138,5632da729fa7,469,1244,yes,2026-09-16 14:17:39.120376+00,3534,2026-09-17 00:42:10.836+00,no_watcher,2026-09-17 00:42:10.836+00,2026-09-17 01:12:10.836+00,t,829,-2.3100,-0.1100,850,70.7969900000000000
10709,5632da729fa7,130,1,no,2026-09-15 01:17:15.393268+00,3556,2026-09-17 09:00:02.064+00,no_watcher,2026-09-17 09:00:02.064+00,2026-09-17 09:30:02.064+00,t,13321,3.9600,-0.0100,11521,111.2494266666666667
10928,5632da729fa7,130,1,no,2026-09-15 05:29:45.581211+00,3561,2026-09-17 09:00:02.064+00,no_watcher,2026-09-17 09:00:02.064+00,2026-09-17 09:30:02.064+00,t,13321,3.9600,-0.0100,11521,111.2494266666666667
10534,5632da729fa7,118,9448,yes,2026-09-14 23:32:00.393104+00,3566,2026-09-17 17:08:44.267+00,no_watcher,2026-09-17 17:08:44.267+00,2026-09-17 17:38:44.267+00,t,150,-0.1800,-3.9300,177,71.8543702777777778
10946,5632da729fa7,118,9448,yes,2026-09-15 05:29:45.581211+00,3573,2026-09-17 17:08:44.267+00,no_watcher,2026-09-17 17:08:44.267+00,2026-09-17 17:38:44.267+00,t,150,-0.1800,-3.9300,177,71.8543702777777778
11241,5632da729fa7,118,9448,yes,2026-09-15 05:46:15.581291+00,3580,2026-09-17 17:08:44.267+00,no_watcher,2026-09-17 17:08:44.267+00,2026-09-17 17:38:44.267+00,t,150,-0.1800,-3.9300,177,71.8543702777777778
9834,5632da729fa7,464,6976,yes,2026-09-14 15:03:30.393249+00,3608,2026-09-18 00:45:19.67+00,no_watcher,2026-09-18 00:45:19.67+00,2026-09-18 01:15:19.67+00,t,21,1.6300,-1.9400,89,42.7445361111111111
11181,5632da729fa7,130,1,no,2026-09-15 05:45:15.580972+00,3616,2026-09-17 09:00:02.064+00,no_watcher,2026-09-17 09:00:02.064+00,2026-09-17 09:30:02.064+00,t,13321,3.9600,-0.0100,11521,111.2494266666666667
16093,5632da729fa7,529,7422,no,2026-09-15 20:55:55.203831+00,3621,2026-09-17 13:15:09.829+00,no_watcher,2026-09-17 13:15:09.829+00,2026-09-17 13:45:09.829+00,t,877,1.3400,-2.7000,913,58.7472697222222222
11416,5632da729fa7,529,8085,yes,2026-09-15 13:02:12.232661+00,3628,2026-09-17 21:42:07.568+00,no_watcher,2026-09-17 21:42:07.568+00,2026-09-17 22:12:07.568+00,t,195857,3.2900,-0.1000,194057,50.2978977777777778
11255,5632da729fa7,549,854,yes,2026-09-15 05:49:00.581206+00,3634,2026-09-17 00:22:23.854+00,no_watcher,2026-09-17 00:22:23.854+00,2026-09-17 00:52:23.854+00,t,559,-1.2100,-7.0300,601,70.6267072222222222
9822,5632da729fa7,514,7598,no,2026-09-14 15:03:30.393249+00,3648,2026-09-18 13:29:23.695+00,no_watcher,2026-09-18 13:29:23.695+00,2026-09-18 13:59:23.695+00,t,714,0.3900,-3.3500,680,30.5100847222222222
13,f259ca109084,387,1209,yes,2026-09-08 13:17:13.93144+00,19,2026-09-09 17:13:54.947+00,no_watcher,2026-09-09 17:13:54.947+00,2026-09-09 17:43:54.947+00,t,364,0.9000,-3.8000,400,70.7680702777777778
72,f259ca109084,377,1185,yes,2026-09-08 13:17:13.93144+00,21,2026-09-09 17:42:26.431+00,no_watcher,2026-09-09 17:42:26.431+00,2026-09-09 18:12:26.431+00,t,236,2.0400,-1.6000,276,70.2926580555555556
74,f259ca109084,11,40,yes,2026-09-08 13:17:13.93144+00,23,2026-09-10 01:49:27.856+00,no_watcher,2026-09-10 01:49:27.856+00,2026-09-10 02:19:27.856+00,t,164,1.8500,-1.7500,14,90.5922622222222222
173,f259ca109084,11,40,yes,2026-09-08 14:36:47.579399+00,24,2026-09-10 01:49:27.856+00,no_watcher,2026-09-10 01:49:27.856+00,2026-09-10 02:19:27.856+00,t,164,1.8500,-1.7500,14,90.5922622222222222
398,f259ca109084,11,40,yes,2026-09-08 15:42:06.082917+00,26,2026-09-10 01:49:27.856+00,no_watcher,2026-09-10 01:49:27.856+00,2026-09-10 02:19:27.856+00,t,164,1.8500,-1.7500,14,90.5922622222222222
465,f259ca109084,11,40,yes,2026-09-08 16:42:21.082533+00,27,2026-09-10 01:49:27.856+00,no_watcher,2026-09-10 01:49:27.856+00,2026-09-10 02:19:27.856+00,t,164,1.8500,-2.1500,14,90.5922622222222222
649,f259ca109084,11,40,yes,2026-09-08 17:22:30.715243+00,29,2026-09-10 01:49:27.856+00,no_watcher,2026-09-10 01:49:27.856+00,2026-09-10 02:19:27.856+00,t,164,1.8500,-1.9900,14,90.5922622222222222
1191,f259ca109084,11,40,yes,2026-09-09 01:01:00.715125+00,31,2026-09-10 01:49:27.856+00,no_watcher,2026-09-10 01:49:27.856+00,2026-09-10 02:19:27.856+00,t,164,1.8500,-2.2700,14,90.5922622222222222
1271,f259ca109084,11,40,yes,2026-09-09 05:09:03.953645+00,71,2026-09-10 02:18:48.605+00,no_watcher,2026-09-10 02:18:48.605+00,2026-09-10 02:48:48.605+00,t,69,1.8500,-2.2700,125,90.1031652777777778
1581,f259ca109084,11,40,yes,2026-09-09 16:26:46.312757+00,90,2026-09-10 03:32:51.4+00,no_watcher,2026-09-10 03:32:51.4+00,2026-09-10 04:02:51.4+00,t,81,1.8500,-2.2300,76,88.8690555555555556
1827,f259ca109084,11,40,yes,2026-09-09 16:57:16.313112+00,92,2026-09-10 03:32:51.4+00,no_watcher,2026-09-10 03:32:51.4+00,2026-09-10 04:02:51.4+00,t,81,1.8500,-2.2300,76,88.8690555555555556
52,f259ca109084,377,2412,yes,2026-09-08 13:17:13.93144+00,102,2026-09-10 16:01:35.516+00,no_watcher,2026-09-10 16:01:35.516+00,2026-09-10 16:31:35.516+00,t,673,3.4300,-1.3600,742,47.9734677777777778
96,f259ca109084,11,155,yes,2026-09-08 13:17:13.93144+00,368,2026-09-10 18:55:34.19+00,no_watcher,2026-09-10 18:55:34.19+00,2026-09-10 19:25:34.19+00,t,150,3.7700,0.6800,174,73.4905027777777778
197,f259ca109084,11,155,yes,2026-09-08 14:36:47.579399+00,373,2026-09-10 18:55:34.19+00,no_watcher,2026-09-10 18:55:34.19+00,2026-09-10 19:25:34.19+00,t,150,3.7700,0.6800,174,73.4905027777777778
352,f259ca109084,11,155,yes,2026-09-08 15:38:51.082145+00,383,2026-09-10 18:55:34.19+00,no_watcher,2026-09-10 18:55:34.19+00,2026-09-10 19:25:34.19+00,t,150,3.7700,0.6800,174,73.4905027777777778
486,f259ca109084,11,155,yes,2026-09-08 16:42:21.082533+00,424,2026-09-10 21:49:03.365+00,no_watcher,2026-09-10 21:49:03.365+00,2026-09-10 22:19:03.365+00,t,24,3.7700,0.0900,127,70.5990652777777778
1057,f259ca109084,11,155,yes,2026-09-09 00:00:30.715381+00,428,2026-09-10 21:49:03.365+00,no_watcher,2026-09-10 21:49:03.365+00,2026-09-10 22:19:03.365+00,t,24,3.7700,-0.2300,127,70.5990652777777778
1215,f259ca109084,11,155,yes,2026-09-09 01:01:00.715125+00,432,2026-09-10 21:49:03.365+00,no_watcher,2026-09-10 21:49:03.365+00,2026-09-10 22:19:03.365+00,t,24,3.7700,-0.2300,127,70.5990652777777778
1442,f259ca109084,11,155,yes,2026-09-09 13:04:44.479922+00,436,2026-09-10 21:49:03.365+00,no_watcher,2026-09-10 21:49:03.365+00,2026-09-10 22:19:03.365+00,t,24,3.7700,-0.2300,127,70.5990652777777778
1602,f259ca109084,11,155,yes,2026-09-09 16:26:46.312757+00,440,2026-09-10 21:49:03.365+00,no_watcher,2026-09-10 21:49:03.365+00,2026-09-10 22:19:03.365+00,t,24,3.7700,-0.2300,127,70.5990652777777778
1697,f259ca109084,11,155,yes,2026-09-09 16:42:01.310648+00,444,2026-09-10 21:49:03.365+00,no_watcher,2026-09-10 21:49:03.365+00,2026-09-10 22:19:03.365+00,t,24,3.7700,-0.2300,127,70.5990652777777778
1970,f259ca109084,11,155,yes,2026-09-09 17:27:31.31012+00,448,2026-09-10 21:49:03.365+00,no_watcher,2026-09-10 21:49:03.365+00,2026-09-10 22:19:03.365+00,t,24,3.7700,-0.2300,127,70.5990652777777778
2111,f259ca109084,11,155,yes,2026-09-09 17:42:31.311365+00,452,2026-09-10 21:49:03.365+00,no_watcher,2026-09-10 21:49:03.365+00,2026-09-10 22:19:03.365+00,t,24,3.7700,-0.2300,127,70.5990652777777778
2315,f259ca109084,11,155,yes,2026-09-09 18:43:01.312703+00,456,2026-09-10 21:49:03.365+00,no_watcher,2026-09-10 21:49:03.365+00,2026-09-10 22:19:03.365+00,t,24,3.7700,-0.4900,127,70.5990652777777778
2404,f259ca109084,11,155,yes,2026-09-09 18:58:01.311857+00,460,2026-09-10 21:49:03.365+00,no_watcher,2026-09-10 21:49:03.365+00,2026-09-10 22:19:03.365+00,t,24,3.7700,-0.4900,127,70.5990652777777778
2594,f259ca109084,11,155,yes,2026-09-09 19:58:46.310886+00,464,2026-09-10 21:49:03.365+00,no_watcher,2026-09-10 21:49:03.365+00,2026-09-10 22:19:03.365+00,t,24,3.7700,-0.4900,127,70.5990652777777778
98,f259ca109084,400,1818,yes,2026-09-08 13:46:58.929341+00,485,2026-09-10 22:33:21.966+00,no_watcher,2026-09-10 22:33:21.966+00,2026-09-10 23:03:21.966+00,t,117,1.5300,-2.0400,129,45.1938983333333333
176,f259ca109084,400,1818,yes,2026-09-08 14:36:47.579399+00,486,2026-09-10 22:33:21.966+00,no_watcher,2026-09-10 22:33:21.966+00,2026-09-10 23:03:21.966+00,t,117,1.5300,-2.0400,129,45.1938983333333333
343,f259ca109084,400,1818,yes,2026-09-08 15:38:51.082145+00,488,2026-09-10 22:33:21.966+00,no_watcher,2026-09-10 22:33:21.966+00,2026-09-10 23:03:21.966+00,t,117,1.5300,-2.0400,129,45.1938983333333333
490,f259ca109084,400,1818,yes,2026-09-08 16:42:21.082533+00,489,2026-09-10 22:33:21.966+00,no_watcher,2026-09-10 22:33:21.966+00,2026-09-10 23:03:21.966+00,t,117,1.5300,-2.0400,129,45.1938983333333333
1598,f259ca109084,400,1818,yes,2026-09-09 16:26:46.312757+00,491,2026-09-10 22:33:21.966+00,no_watcher,2026-09-10 22:33:21.966+00,2026-09-10 23:03:21.966+00,t,117,1.5300,-2.4800,129,45.1938983333333333
1694,f259ca109084,400,1818,yes,2026-09-09 16:42:01.310648+00,493,2026-09-10 22:33:21.966+00,no_watcher,2026-09-10 22:33:21.966+00,2026-09-10 23:03:21.966+00,t,117,1.5300,-2.4800,129,45.1938983333333333
1844,f259ca109084,400,1818,yes,2026-09-09 16:57:16.313112+00,495,2026-09-10 22:33:21.966+00,no_watcher,2026-09-10 22:33:21.966+00,2026-09-10 23:03:21.966+00,t,117,1.5300,-2.4800,129,45.1938983333333333
1967,f259ca109084,400,1818,yes,2026-09-09 17:27:31.31012+00,497,2026-09-10 22:33:21.966+00,no_watcher,2026-09-10 22:33:21.966+00,2026-09-10 23:03:21.966+00,t,117,1.5300,-2.4800,129,45.1938983333333333
2108,f259ca109084,400,1818,yes,2026-09-09 17:42:31.311365+00,499,2026-09-10 22:33:21.966+00,no_watcher,2026-09-10 22:33:21.966+00,2026-09-10 23:03:21.966+00,t,117,1.5300,-2.4800,129,45.1938983333333333
2226,f259ca109084,400,1818,yes,2026-09-09 18:12:46.31204+00,501,2026-09-10 22:33:21.966+00,no_watcher,2026-09-10 22:33:21.966+00,2026-09-10 23:03:21.966+00,t,117,1.5300,-2.4800,129,45.1938983333333333
2354,f259ca109084,400,1818,yes,2026-09-09 18:43:01.312703+00,503,2026-09-10 22:33:21.966+00,no_watcher,2026-09-10 22:33:21.966+00,2026-09-10 23:03:21.966+00,t,117,1.5300,-2.4800,129,45.1938983333333333
2523,f259ca109084,400,1818,yes,2026-09-09 19:43:31.312493+00,505,2026-09-10 22:33:21.966+00,no_watcher,2026-09-10 22:33:21.966+00,2026-09-10 23:03:21.966+00,t,117,1.5300,-2.4800,129,45.1938983333333333
2619,f259ca109084,400,1818,yes,2026-09-09 19:58:46.310886+00,507,2026-09-10 22:33:21.966+00,no_watcher,2026-09-10 22:33:21.966+00,2026-09-10 23:03:21.966+00,t,117,1.5300,-2.4800,129,45.1938983333333333
2773,f259ca109084,400,1818,yes,2026-09-09 20:13:46.311048+00,509,2026-09-10 22:33:21.966+00,no_watcher,2026-09-10 22:33:21.966+00,2026-09-10 23:03:21.966+00,t,117,1.5300,-2.4800,129,45.1938983333333333
2871,f259ca109084,400,1818,yes,2026-09-09 20:29:01.312759+00,511,2026-09-10 22:33:21.966+00,no_watcher,2026-09-10 22:33:21.966+00,2026-09-10 23:03:21.966+00,t,117,1.5300,-2.4800,129,45.1938983333333333
94,f259ca109084,400,1126,yes,2026-09-08 13:17:13.93144+00,540,2026-09-10 23:19:55.298+00,no_watcher,2026-09-10 23:19:55.298+00,2026-09-10 23:49:55.298+00,t,134,0.1200,-3.1800,33,44.4179727777777778
110,f259ca109084,377,2412,yes,2026-09-08 14:36:47.579399+00,600,2026-09-11 00:01:21.922+00,no_watcher,2026-09-11 00:01:21.922+00,2026-09-11 00:31:21.922+00,t,43,3.9000,-0.7900,37,39.9772438888888889
360,f259ca109084,377,2412,yes,2026-09-08 15:42:06.082917+00,602,2026-09-11 00:01:21.922+00,no_watcher,2026-09-11 00:01:21.922+00,2026-09-11 00:31:21.922+00,t,43,3.9000,-0.7900,37,39.9772438888888889
437,f259ca109084,377,2412,yes,2026-09-08 16:42:21.082533+00,603,2026-09-11 00:01:21.922+00,no_watcher,2026-09-11 00:01:21.922+00,2026-09-11 00:31:21.922+00,t,43,3.9000,-0.7900,37,39.9772438888888889
541,f259ca109084,377,2412,yes,2026-09-08 17:22:30.715243+00,605,2026-09-11 00:01:21.922+00,no_watcher,2026-09-11 00:01:21.922+00,2026-09-11 00:31:21.922+00,t,43,3.9000,-0.7900,37,39.9772438888888889
681,f259ca109084,377,2412,yes,2026-09-08 18:07:45.713408+00,608,2026-09-11 00:01:21.922+00,no_watcher,2026-09-11 00:01:21.922+00,2026-09-11 00:31:21.922+00,t,43,3.9000,-0.7900,37,39.9772438888888889
812,f259ca109084,377,2412,yes,2026-09-08 18:38:00.712479+00,611,2026-09-11 00:01:21.922+00,no_watcher,2026-09-11 00:01:21.922+00,2026-09-11 00:31:21.922+00,t,43,3.9000,-0.7900,37,39.9772438888888889
884,f259ca109084,377,2412,yes,2026-09-08 19:08:00.714074+00,614,2026-09-11 00:01:21.922+00,no_watcher,2026-09-11 00:01:21.922+00,2026-09-11 00:31:21.922+00,t,43,3.9000,-0.7900,37,39.9772438888888889
989,f259ca109084,377,2412,yes,2026-09-09 00:00:30.715381+00,616,2026-09-11 00:01:21.922+00,no_watcher,2026-09-11 00:01:21.922+00,2026-09-11 00:31:21.922+00,t,43,3.9000,-0.7900,37,39.9772438888888889
2579,f259ca109084,377,2412,yes,2026-09-09 19:58:46.310886+00,619,2026-09-11 00:01:21.922+00,no_watcher,2026-09-11 00:01:21.922+00,2026-09-11 00:31:21.922+00,t,43,3.9000,-0.5200,37,39.9772438888888889
2834,f259ca109084,377,2412,yes,2026-09-09 20:29:01.312759+00,621,2026-09-11 00:01:21.922+00,no_watcher,2026-09-11 00:01:21.922+00,2026-09-11 00:31:21.922+00,t,43,3.9000,-0.5200,37,39.9772438888888889
2918,f259ca109084,377,2412,yes,2026-09-09 20:44:01.310195+00,623,2026-09-11 00:01:21.922+00,no_watcher,2026-09-11 00:01:21.922+00,2026-09-11 00:31:21.922+00,t,43,3.9000,-0.5200,37,39.9772438888888889
3093,f259ca109084,377,2412,yes,2026-09-09 23:32:31.311938+00,625,2026-09-11 00:01:21.922+00,no_watcher,2026-09-11 00:01:21.922+00,2026-09-11 00:31:21.922+00,t,43,3.9000,-0.5200,37,39.9772438888888889
3149,f259ca109084,377,2412,yes,2026-09-10 00:04:01.311255+00,627,2026-09-11 00:01:21.922+00,no_watcher,2026-09-11 00:01:21.922+00,2026-09-11 00:31:21.922+00,t,43,3.9000,-0.5200,37,39.9772438888888889
3232,f259ca109084,377,2412,yes,2026-09-10 00:19:31.310339+00,629,2026-09-11 00:01:21.922+00,no_watcher,2026-09-11 00:01:21.922+00,2026-09-11 00:31:21.922+00,t,43,3.9000,-0.5200,37,39.9772438888888889
3292,f259ca109084,377,2412,yes,2026-09-10 01:03:46.310563+00,631,2026-09-11 00:01:21.922+00,no_watcher,2026-09-11 00:01:21.922+00,2026-09-11 00:31:21.922+00,t,43,3.9000,-0.5200,37,39.9772438888888889
3963,f259ca109084,377,2412,yes,2026-09-10 05:26:27.554824+00,633,2026-09-11 00:01:21.922+00,no_watcher,2026-09-11 00:01:21.922+00,2026-09-11 00:31:21.922+00,t,43,3.9000,0.3100,37,39.9772438888888889
4185,f259ca109084,377,2412,yes,2026-09-10 05:43:57.554806+00,635,2026-09-11 00:01:21.922+00,no_watcher,2026-09-11 00:01:21.922+00,2026-09-11 00:31:21.922+00,t,43,3.9000,0.3100,37,39.9772438888888889
2442,f259ca109084,377,2412,yes,2026-09-09 19:28:16.312087+00,637,2026-09-11 00:27:54.543+00,no_watcher,2026-09-11 00:27:54.543+00,2026-09-11 00:57:54.543+00,t,119,4.9000,-0.3400,130,39.5348491666666667
2093,f259ca109084,11,40,yes,2026-09-09 17:42:31.311365+00,699,2026-09-11 09:43:51.759+00,no_watcher,2026-09-11 09:43:51.759+00,2026-09-11 10:13:51.759+00,t,15817,1.5700,-2.5100,14017,58.6856225000000000
2201,f259ca109084,11,40,yes,2026-09-09 18:12:46.31204+00,703,2026-09-11 09:43:51.759+00,no_watcher,2026-09-11 09:43:51.759+00,2026-09-11 10:13:51.759+00,t,15817,1.5700,-2.6000,14017,58.6856225000000000
2324,f259ca109084,11,40,yes,2026-09-09 18:43:01.312703+00,707,2026-09-11 09:43:51.759+00,no_watcher,2026-09-11 09:43:51.759+00,2026-09-11 10:13:51.759+00,t,15817,1.5700,-2.6000,14017,58.6856225000000000
2426,f259ca109084,11,40,yes,2026-09-09 19:13:16.311744+00,711,2026-09-11 09:43:51.759+00,no_watcher,2026-09-11 09:43:51.759+00,2026-09-11 10:13:51.759+00,t,15817,1.5700,-2.6000,14017,58.6856225000000000
2508,f259ca109084,11,40,yes,2026-09-09 19:43:31.312493+00,715,2026-09-11 09:43:51.759+00,no_watcher,2026-09-11 09:43:51.759+00,2026-09-11 10:13:51.759+00,t,15817,1.5700,-2.6000,14017,58.6856225000000000
195,f259ca109084,377,1185,yes,2026-09-08 14:36:47.579399+00,920,2026-09-11 17:54:53.052+00,no_watcher,2026-09-11 17:54:53.052+00,2026-09-11 18:24:53.052+00,t,144,-1.7600,-5.1000,184,22.0852633333333333
410,f259ca109084,377,1185,yes,2026-09-08 15:42:06.082917+00,924,2026-09-11 17:54:53.052+00,no_watcher,2026-09-11 17:54:53.052+00,2026-09-11 18:24:53.052+00,t,144,-1.7600,-5.1000,184,22.0852633333333333
504,f259ca109084,377,1185,yes,2026-09-08 16:42:21.082533+00,926,2026-09-11 17:54:53.052+00,no_watcher,2026-09-11 17:54:53.052+00,2026-09-11 18:24:53.052+00,t,144,-1.7600,-5.1000,184,22.0852633333333333
1071,f259ca109084,377,1185,yes,2026-09-09 00:00:30.715381+00,930,2026-09-11 17:54:53.052+00,no_watcher,2026-09-11 17:54:53.052+00,2026-09-11 18:24:53.052+00,t,144,-0.7700,-4.6800,184,22.0852633333333333
1132,f259ca109084,377,1185,yes,2026-09-09 01:01:00.715125+00,934,2026-09-11 17:54:53.052+00,no_watcher,2026-09-11 17:54:53.052+00,2026-09-11 18:24:53.052+00,t,144,1.2200,-3.7300,184,22.0852633333333333
1233,f259ca109084,377,1185,yes,2026-09-09 01:47:45.71477+00,938,2026-09-11 17:54:53.052+00,no_watcher,2026-09-11 17:54:53.052+00,2026-09-11 18:24:53.052+00,t,144,1.2200,-3.7300,184,22.0852633333333333
1339,f259ca109084,377,1185,yes,2026-09-09 13:04:44.479922+00,942,2026-09-11 17:54:53.052+00,no_watcher,2026-09-11 17:54:53.052+00,2026-09-11 18:24:53.052+00,t,144,1.2200,-3.8000,184,22.0852633333333333
1497,f259ca109084,377,1185,yes,2026-09-09 16:26:46.312757+00,946,2026-09-11 17:54:53.052+00,no_watcher,2026-09-11 17:54:53.052+00,2026-09-11 18:24:53.052+00,t,144,1.2200,-3.8000,184,22.0852633333333333
1639,f259ca109084,377,1185,yes,2026-09-09 16:42:01.310648+00,950,2026-09-11 17:54:53.052+00,no_watcher,2026-09-11 17:54:53.052+00,2026-09-11 18:24:53.052+00,t,144,1.2200,-3.8000,184,22.0852633333333333
1750,f259ca109084,377,1185,yes,2026-09-09 16:57:16.313112+00,954,2026-09-11 17:54:53.052+00,no_watcher,2026-09-11 17:54:53.052+00,2026-09-11 18:24:53.052+00,t,144,1.2200,-3.8000,184,22.0852633333333333
1893,f259ca109084,377,1185,yes,2026-09-09 17:27:31.31012+00,958,2026-09-11 17:54:53.052+00,no_watcher,2026-09-11 17:54:53.052+00,2026-09-11 18:24:53.052+00,t,144,1.2200,-3.8000,184,22.0852633333333333
2147,f259ca109084,377,1185,yes,2026-09-09 18:12:46.31204+00,962,2026-09-11 17:54:53.052+00,no_watcher,2026-09-11 17:54:53.052+00,2026-09-11 18:24:53.052+00,t,144,1.2200,-3.8000,184,22.0852633333333333
2377,f259ca109084,377,1185,yes,2026-09-09 18:58:01.311857+00,966,2026-09-11 17:54:53.052+00,no_watcher,2026-09-11 17:54:53.052+00,2026-09-11 18:24:53.052+00,t,144,1.2200,-3.8000,184,22.0852633333333333
2677,f259ca109084,377,1185,yes,2026-09-09 19:58:46.310886+00,970,2026-09-11 17:54:53.052+00,no_watcher,2026-09-11 17:54:53.052+00,2026-09-11 18:24:53.052+00,t,144,-0.7700,-4.3700,184,22.0852633333333333
3754,f259ca109084,377,1185,yes,2026-09-10 04:39:57.554678+00,974,2026-09-11 17:54:53.052+00,no_watcher,2026-09-11 17:54:53.052+00,2026-09-11 18:24:53.052+00,t,144,-0.7700,-4.3700,184,22.0852633333333333
3961,f259ca109084,377,1185,yes,2026-09-10 05:26:27.554824+00,978,2026-09-11 17:54:53.052+00,no_watcher,2026-09-11 17:54:53.052+00,2026-09-11 18:24:53.052+00,t,144,-0.7700,-4.3700,184,22.0852633333333333
4178,f259ca109084,377,1185,yes,2026-09-10 05:43:57.554806+00,982,2026-09-11 17:54:53.052+00,no_watcher,2026-09-11 17:54:53.052+00,2026-09-11 18:24:53.052+00,t,144,-0.7700,-4.3700,184,22.0852633333333333
4385,f259ca109084,377,1185,yes,2026-09-10 05:59:12.55438+00,986,2026-09-11 17:54:53.052+00,no_watcher,2026-09-11 17:54:53.052+00,2026-09-11 18:24:53.052+00,t,144,-0.7700,-4.3700,184,22.0852633333333333
4600,f259ca109084,377,1185,yes,2026-09-10 13:49:27.241687+00,990,2026-09-11 17:54:53.052+00,no_watcher,2026-09-11 17:54:53.052+00,2026-09-11 18:24:53.052+00,t,144,1.2200,-4.0000,184,22.0852633333333333
4654,f259ca109084,377,1185,yes,2026-09-10 14:35:42.240709+00,994,2026-09-11 17:54:53.052+00,no_watcher,2026-09-11 17:54:53.052+00,2026-09-11 18:24:53.052+00,t,144,1.2200,-4.0000,184,22.0852633333333333
4806,f259ca109084,377,1185,yes,2026-09-10 15:36:27.243092+00,998,2026-09-11 17:54:53.052+00,no_watcher,2026-09-11 17:54:53.052+00,2026-09-11 18:24:53.052+00,t,144,1.2200,-4.0000,184,22.0852633333333333
5942,f259ca109084,409,1711,yes,2026-09-10 21:13:57.240994+00,1265,2026-09-12 15:31:10.544+00,no_watcher,2026-09-12 15:31:10.544+00,2026-09-12 16:01:10.544+00,t,132,-0.6900,-4.0500,28,7.4804044444444444
6172,f259ca109084,409,1711,yes,2026-09-10 21:35:42.242063+00,1268,2026-09-12 15:31:10.544+00,no_watcher,2026-09-12 15:31:10.544+00,2026-09-12 16:01:10.544+00,t,132,-0.6900,-4.0500,28,7.4804044444444444
6453,f259ca109084,409,1711,yes,2026-09-10 22:29:27.242856+00,1270,2026-09-12 15:31:10.544+00,no_watcher,2026-09-12 15:31:10.544+00,2026-09-12 16:01:10.544+00,t,132,-0.6900,-4.0500,28,7.4804044444444444
6545,f259ca109084,409,1711,yes,2026-09-10 22:35:42.242535+00,1271,2026-09-12 15:31:10.544+00,no_watcher,2026-09-12 15:31:10.544+00,2026-09-12 16:01:10.544+00,t,132,-0.6900,-4.0500,28,7.4804044444444444
7272,f259ca109084,409,1711,yes,2026-09-11 00:49:57.24037+00,1273,2026-09-12 15:31:10.544+00,no_watcher,2026-09-12 15:31:10.544+00,2026-09-12 16:01:10.544+00,t,132,-0.6900,-4.0500,28,7.4804044444444444
8269,f259ca109084,409,1711,yes,2026-09-11 15:35:56.778135+00,1464,2026-09-12 18:55:13.999+00,no_watcher,2026-09-12 18:55:13.999+00,2026-09-12 19:25:13.999+00,t,186,-0.0200,-3.4300,1135,4.0794447222222222
8410,f259ca109084,409,1711,yes,2026-09-11 20:05:26.778649+00,1474,2026-09-12 18:55:13.999+00,no_watcher,2026-09-12 18:55:13.999+00,2026-09-12 19:25:13.999+00,t,186,-0.0200,-4.2500,1135,4.0794447222222222
5045,f259ca109084,409,1711,yes,2026-09-10 16:37:12.242763+00,1490,2026-09-12 20:15:15.46+00,no_watcher,2026-09-12 20:15:15.46+00,2026-09-12 20:45:15.46+00,t,397,-0.3400,-3.4100,144,2.7457055555555556
5149,f259ca109084,409,1711,yes,2026-09-10 17:07:42.240014+00,1492,2026-09-12 20:15:15.46+00,no_watcher,2026-09-12 20:15:15.46+00,2026-09-12 20:45:15.46+00,t,397,-0.3400,-3.4100,144,2.7457055555555556
5316,f259ca109084,409,1711,yes,2026-09-10 17:38:42.241912+00,1494,2026-09-12 20:15:15.46+00,no_watcher,2026-09-12 20:15:15.46+00,2026-09-12 20:45:15.46+00,t,397,-0.3400,-3.4100,144,2.7457055555555556
5405,f259ca109084,409,1711,yes,2026-09-10 18:24:57.24259+00,1496,2026-09-12 20:15:15.46+00,no_watcher,2026-09-12 20:15:15.46+00,2026-09-12 20:45:15.46+00,t,397,-0.3400,-3.4100,144,2.7457055555555556
5530,f259ca109084,409,1711,yes,2026-09-10 19:27:12.242907+00,1498,2026-09-12 20:15:15.46+00,no_watcher,2026-09-12 20:15:15.46+00,2026-09-12 20:45:15.46+00,t,397,-0.3400,-3.4100,144,2.7457055555555556
5645,f259ca109084,409,1711,yes,2026-09-10 19:42:27.240982+00,1500,2026-09-12 20:15:15.46+00,no_watcher,2026-09-12 20:15:15.46+00,2026-09-12 20:45:15.46+00,t,397,-0.3400,-3.4100,144,2.7457055555555556
5782,f259ca109084,409,1711,yes,2026-09-10 20:40:57.24066+00,1502,2026-09-12 20:15:15.46+00,no_watcher,2026-09-12 20:15:15.46+00,2026-09-12 20:45:15.46+00,t,397,-0.3400,-3.4100,144,2.7457055555555556
1316,f259ca109084,16,33,yes,2026-09-09 05:09:03.953645+00,1694,2026-09-14 15:23:53.576+00,no_watcher,2026-09-14 15:23:53.576+00,2026-09-14 15:53:53.576+00,t,314,-0.1600,-2.4700,364,8.8517844444444444
3002,f259ca109084,16,33,yes,2026-09-09 21:31:31.312448+00,1710,2026-09-14 15:23:53.576+00,no_watcher,2026-09-14 15:23:53.576+00,2026-09-14 15:53:53.576+00,t,314,-0.1600,-2.7100,364,8.8517844444444444
3250,f259ca109084,16,33,yes,2026-09-10 00:36:01.312329+00,1729,2026-09-14 15:23:53.576+00,no_watcher,2026-09-14 15:23:53.576+00,2026-09-14 15:53:53.576+00,t,314,-0.1600,-2.7100,364,8.8517844444444444
3346,f259ca109084,16,33,yes,2026-09-10 01:18:31.310636+00,1748,2026-09-14 15:23:53.576+00,no_watcher,2026-09-14 15:23:53.576+00,2026-09-14 15:53:53.576+00,t,314,-0.1600,-2.7100,364,8.8517844444444444
3563,f259ca109084,16,33,yes,2026-09-10 03:12:16.310558+00,1764,2026-09-14 15:23:53.576+00,no_watcher,2026-09-14 15:23:53.576+00,2026-09-14 15:53:53.576+00,t,314,-0.1600,-2.7100,364,8.8517844444444444
4049,f259ca109084,16,33,yes,2026-09-10 05:38:57.554696+00,1786,2026-09-14 15:23:53.576+00,no_watcher,2026-09-14 15:23:53.576+00,2026-09-14 15:53:53.576+00,t,314,-0.1600,-2.7100,364,8.8517844444444444
4251,f259ca109084,16,33,yes,2026-09-10 05:54:12.554814+00,1805,2026-09-14 15:23:53.576+00,no_watcher,2026-09-14 15:23:53.576+00,2026-09-14 15:53:53.576+00,t,314,-0.1600,-2.7100,364,8.8517844444444444
9812,f259ca109084,474,7149,yes,2026-09-14 15:03:30.393249+00,1814,2026-09-14 20:33:28.975+00,no_watcher,2026-09-14 20:33:28.975+00,2026-09-14 21:03:28.975+00,t,557,2.9100,-0.0100,626,122.9419513888888889
9106,f259ca109084,16,477,yes,2026-09-13 13:16:57.543504+00,1818,2026-09-14 23:31:25.431+00,no_watcher,2026-09-14 23:31:25.431+00,2026-09-15 00:01:25.431+00,t,54,1.5900,-3.4700,117,0.72626916666666666667
9159,f259ca109084,16,477,yes,2026-09-13 14:06:57.543296+00,1827,2026-09-14 23:31:25.431+00,no_watcher,2026-09-14 23:31:25.431+00,2026-09-15 00:01:25.431+00,t,54,1.5900,-3.4700,117,0.72626916666666666667
9550,f259ca109084,16,477,yes,2026-09-13 19:41:42.543028+00,1838,2026-09-14 23:31:25.431+00,no_watcher,2026-09-14 23:31:25.431+00,2026-09-15 00:01:25.431+00,t,54,1.5900,-3.4700,117,0.72626916666666666667
9556,f259ca109084,16,477,yes,2026-09-13 19:42:27.543143+00,1844,2026-09-14 23:31:25.431+00,no_watcher,2026-09-14 23:31:25.431+00,2026-09-15 00:01:25.431+00,t,54,1.5900,-3.4700,117,0.72626916666666666667
9564,f259ca109084,16,477,yes,2026-09-13 19:42:57.543243+00,1850,2026-09-14 23:31:25.431+00,no_watcher,2026-09-14 23:31:25.431+00,2026-09-15 00:01:25.431+00,t,54,1.5900,-3.4700,117,0.72626916666666666667
9573,f259ca109084,16,477,yes,2026-09-13 19:45:12.543085+00,1856,2026-09-14 23:31:25.431+00,no_watcher,2026-09-14 23:31:25.431+00,2026-09-15 00:01:25.431+00,t,54,1.5900,-3.4700,117,0.72626916666666666667
9588,f259ca109084,16,477,yes,2026-09-13 19:50:42.543229+00,1862,2026-09-14 23:31:25.431+00,no_watcher,2026-09-14 23:31:25.431+00,2026-09-15 00:01:25.431+00,t,54,1.5900,-3.4700,117,0.72626916666666666667
9687,f259ca109084,16,477,yes,2026-09-13 20:31:27.543046+00,1868,2026-09-14 23:31:25.431+00,no_watcher,2026-09-14 23:31:25.431+00,2026-09-15 00:01:25.431+00,t,54,1.5900,-3.4700,117,0.72626916666666666667
9697,f259ca109084,16,477,yes,2026-09-13 20:31:57.543117+00,1874,2026-09-14 23:31:25.431+00,no_watcher,2026-09-14 23:31:25.431+00,2026-09-15 00:01:25.431+00,t,54,1.5900,-3.4700,117,0.72626916666666666667
10539,f259ca109084,118,9729,yes,2026-09-14 23:32:00.393104+00,1883,2026-09-15 15:05:49.77+00,no_watcher,2026-09-15 15:05:49.77+00,2026-09-15 15:35:49.77+00,t,147,-0.6400,-0.6800,235,121.9028416666666667
10724,f259ca109084,118,9729,yes,2026-09-15 02:42:45.393247+00,1889,2026-09-15 15:05:49.77+00,no_watcher,2026-09-15 15:05:49.77+00,2026-09-15 15:35:49.77+00,t,147,0.3600,-0.0600,235,121.9028416666666667
10918,f259ca109084,118,9729,yes,2026-09-15 05:29:45.581211+00,1895,2026-09-15 15:05:49.77+00,no_watcher,2026-09-15 15:05:49.77+00,2026-09-15 15:35:49.77+00,t,147,0.3600,-0.0600,235,121.9028416666666667
11171,f259ca109084,118,9729,yes,2026-09-15 05:45:15.580972+00,1901,2026-09-15 15:05:49.77+00,no_watcher,2026-09-15 15:05:49.77+00,2026-09-15 15:35:49.77+00,t,147,0.3600,-0.0600,235,121.9028416666666667
11632,f259ca109084,118,9729,yes,2026-09-15 13:16:42.232673+00,1907,2026-09-15 15:05:49.77+00,no_watcher,2026-09-15 15:05:49.77+00,2026-09-15 15:35:49.77+00,t,147,0.3600,0.0400,235,121.9028416666666667
11736,f259ca109084,118,9729,yes,2026-09-15 13:31:54.734199+00,1911,2026-09-15 15:05:49.77+00,no_watcher,2026-09-15 15:05:49.77+00,2026-09-15 15:35:49.77+00,t,147,0.3600,0.0400,235,121.9028416666666667
11933,f259ca109084,118,9729,yes,2026-09-15 13:46:54.734595+00,1915,2026-09-15 15:05:49.77+00,no_watcher,2026-09-15 15:05:49.77+00,2026-09-15 15:35:49.77+00,t,147,0.3600,0.0400,235,121.9028416666666667
12069,f259ca109084,118,9729,yes,2026-09-15 14:01:54.734221+00,1919,2026-09-15 15:05:49.77+00,no_watcher,2026-09-15 15:05:49.77+00,2026-09-15 15:35:49.77+00,t,147,0.3600,0.0400,235,121.9028416666666667
12579,f259ca109084,118,9729,yes,2026-09-15 14:47:38.846891+00,1923,2026-09-15 15:05:49.77+00,no_watcher,2026-09-15 15:05:49.77+00,2026-09-15 15:35:49.77+00,t,147,0.3600,0.0400,235,121.9028416666666667
12668,f259ca109084,118,9729,yes,2026-09-15 15:03:08.846656+00,1929,2026-09-15 15:05:49.77+00,queue_model,2026-09-15 15:05:49.77+00,2026-09-15 15:35:49.77+00,t,147,0.3600,0.0400,235,121.9028416666666667
10532,f259ca109084,116,24,yes,2026-09-14 23:32:00.393104+00,1954,2026-09-15 19:57:01.328+00,no_watcher,2026-09-15 19:57:01.328+00,2026-09-15 20:27:01.328+00,t,256,-0.7800,-4.7200,284,117.0496311111111111
10904,f259ca109084,116,24,yes,2026-09-15 05:29:45.581211+00,1957,2026-09-15 19:57:01.328+00,no_watcher,2026-09-15 19:57:01.328+00,2026-09-15 20:27:01.328+00,t,256,-0.7800,-5.2200,284,117.0496311111111111
11156,f259ca109084,116,24,yes,2026-09-15 05:45:15.580972+00,1960,2026-09-15 19:57:01.328+00,no_watcher,2026-09-15 19:57:01.328+00,2026-09-15 20:27:01.328+00,t,256,-0.7800,-5.2200,284,117.0496311111111111
11654,f259ca109084,116,24,yes,2026-09-15 13:16:42.232673+00,1963,2026-09-15 19:57:01.328+00,no_watcher,2026-09-15 19:57:01.328+00,2026-09-15 20:27:01.328+00,t,256,-0.7800,-4.6800,284,117.0496311111111111
11817,f259ca109084,116,24,yes,2026-09-15 13:32:09.734592+00,1965,2026-09-15 19:57:01.328+00,no_watcher,2026-09-15 19:57:01.328+00,2026-09-15 20:27:01.328+00,t,256,-0.7800,-4.6800,284,117.0496311111111111
12094,f259ca109084,116,24,yes,2026-09-15 14:01:54.734221+00,1967,2026-09-15 19:57:01.328+00,no_watcher,2026-09-15 19:57:01.328+00,2026-09-15 20:27:01.328+00,t,256,-0.7800,-4.6800,284,117.0496311111111111
12226,f259ca109084,116,24,yes,2026-09-15 14:17:24.734152+00,1969,2026-09-15 19:57:01.328+00,no_watcher,2026-09-15 19:57:01.328+00,2026-09-15 20:27:01.328+00,t,256,-0.7800,-4.4900,284,117.0496311111111111
9962,f259ca109084,549,854,yes,2026-09-14 15:34:00.393364+00,2095,2026-09-15 22:29:48.095+00,no_watcher,2026-09-15 22:29:48.095+00,2026-09-15 22:59:48.095+00,t,149,-2.5400,-5.3300,174,96.5033069444444444
10489,f259ca109084,549,854,yes,2026-09-14 19:09:45.393389+00,2158,2026-09-15 23:57:56.471+00,no_watcher,2026-09-15 23:57:56.471+00,2026-09-16 00:27:56.471+00,t,809,-3.2000,-7.2300,885,95.0343136111111111
10561,f259ca109084,118,26,yes,2026-09-14 23:37:00.393193+00,2265,2026-09-16 19:15:20.422+00,no_watcher,2026-09-16 19:15:20.422+00,2026-09-16 19:45:20.422+00,t,431,1.5300,-2.0000,501,93.7443272222222222
10917,f259ca109084,118,26,yes,2026-09-15 05:29:45.581211+00,2274,2026-09-16 19:15:20.422+00,no_watcher,2026-09-16 19:15:20.422+00,2026-09-16 19:45:20.422+00,t,431,1.5300,-2.0000,501,93.7443272222222222
11170,f259ca109084,118,26,yes,2026-09-15 05:45:15.580972+00,2283,2026-09-16 19:15:20.422+00,no_watcher,2026-09-16 19:15:20.422+00,2026-09-16 19:45:20.422+00,t,431,1.5300,-2.0000,501,93.7443272222222222
11537,f259ca109084,118,26,yes,2026-09-15 13:04:57.232761+00,2292,2026-09-16 19:15:20.422+00,no_watcher,2026-09-16 19:15:20.422+00,2026-09-16 19:45:20.422+00,t,431,1.5300,-2.0000,501,93.7443272222222222
11619,f259ca109084,118,26,yes,2026-09-15 13:16:42.232673+00,2298,2026-09-16 19:15:20.422+00,no_watcher,2026-09-16 19:15:20.422+00,2026-09-16 19:45:20.422+00,t,431,1.5300,-2.0000,501,93.7443272222222222
11729,f259ca109084,118,26,yes,2026-09-15 13:31:54.734199+00,2304,2026-09-16 19:15:20.422+00,no_watcher,2026-09-16 19:15:20.422+00,2026-09-16 19:45:20.422+00,t,431,1.5300,-2.0000,501,93.7443272222222222
10788,f259ca109084,549,854,yes,2026-09-15 04:18:00.393515+00,2472,2026-09-17 00:22:23.854+00,no_watcher,2026-09-17 00:22:23.854+00,2026-09-17 00:52:23.854+00,t,559,-1.2100,-7.0300,601,70.6267072222222222
10999,f259ca109084,549,854,yes,2026-09-15 05:33:30.581168+00,2476,2026-09-17 00:22:23.854+00,no_watcher,2026-09-17 00:22:23.854+00,2026-09-17 00:52:23.854+00,t,559,-1.2100,-7.0300,601,70.6267072222222222
9818,f259ca109084,469,1244,yes,2026-09-14 15:03:30.393249+00,2484,2026-09-17 00:40:17.012+00,no_watcher,2026-09-17 00:40:17.012+00,2026-09-17 01:10:17.012+00,t,716,-3.3100,-1.2900,737,70.8286077777777778
9995,f259ca109084,469,1244,yes,2026-09-14 15:34:00.393364+00,2491,2026-09-17 00:40:17.012+00,no_watcher,2026-09-17 00:40:17.012+00,2026-09-17 01:10:17.012+00,t,716,-3.3100,-1.6000,737,70.8286077777777778
10141,f259ca109084,469,1244,yes,2026-09-14 17:54:30.393423+00,2503,2026-09-17 00:43:25.48+00,no_watcher,2026-09-17 00:43:25.48+00,2026-09-17 01:13:25.48+00,t,904,-1.3100,0.4800,21,70.7762555555555556
10253,f259ca109084,469,1244,yes,2026-09-14 18:09:30.393291+00,2513,2026-09-17 00:43:25.48+00,no_watcher,2026-09-17 00:43:25.48+00,2026-09-17 01:13:25.48+00,t,904,-1.3100,0.4800,21,70.7762555555555556
10491,f259ca109084,469,1244,yes,2026-09-14 19:09:45.393389+00,2523,2026-09-17 00:43:25.48+00,no_watcher,2026-09-17 00:43:25.48+00,2026-09-17 01:13:25.48+00,t,904,-1.3100,0.4800,21,70.7762555555555556
10526,f259ca109084,469,1244,yes,2026-09-14 22:56:45.393176+00,2548,2026-09-17 00:44:42.775+00,no_watcher,2026-09-17 00:44:42.775+00,2026-09-17 01:14:42.775+00,t,76,-2.7800,1.0300,98,70.7547847222222222
10697,f259ca109084,469,1244,yes,2026-09-15 00:27:15.393264+00,2581,2026-09-17 00:44:42.775+00,no_watcher,2026-09-17 00:44:42.775+00,2026-09-17 01:14:42.775+00,t,76,-2.7800,1.0300,98,70.7547847222222222
10773,f259ca109084,469,1244,yes,2026-09-15 03:02:45.393323+00,2607,2026-09-17 00:44:42.775+00,no_watcher,2026-09-17 00:44:42.775+00,2026-09-17 01:14:42.775+00,t,76,-2.7800,1.0300,98,70.7547847222222222
10006,f259ca109084,121,22,yes,2026-09-14 15:34:00.393364+00,2646,2026-09-17 03:46:13.798+00,no_watcher,2026-09-17 03:46:13.798+00,2026-09-17 04:16:13.798+00,t,871,0.4600,-3.5900,902,85.2295005555555556
11006,f259ca109084,469,1244,yes,2026-09-15 05:33:30.581168+00,2667,2026-09-17 00:44:42.775+00,no_watcher,2026-09-17 00:44:42.775+00,2026-09-17 01:14:42.775+00,t,76,-2.7800,1.0300,98,70.7547847222222222
11375,f259ca109084,469,1244,yes,2026-09-15 05:50:30.581207+00,2700,2026-09-17 00:44:42.775+00,no_watcher,2026-09-17 00:44:42.775+00,2026-09-17 01:14:42.775+00,t,76,-2.7800,1.0300,98,70.7547847222222222
11479,f259ca109084,469,1244,yes,2026-09-15 13:04:57.232761+00,2730,2026-09-17 00:44:42.775+00,no_watcher,2026-09-17 00:44:42.775+00,2026-09-17 01:14:42.775+00,t,76,-2.7800,1.0300,98,70.7547847222222222
11579,f259ca109084,469,1244,yes,2026-09-15 13:16:42.232673+00,2760,2026-09-17 00:44:42.775+00,no_watcher,2026-09-17 00:44:42.775+00,2026-09-17 01:14:42.775+00,t,76,-2.7800,1.0300,98,70.7547847222222222
11700,f259ca109084,469,1244,yes,2026-09-15 13:31:54.734199+00,2786,2026-09-17 00:44:42.775+00,no_watcher,2026-09-17 00:44:42.775+00,2026-09-17 01:14:42.775+00,t,76,-2.7800,1.0300,98,70.7547847222222222
11870,f259ca109084,469,1244,yes,2026-09-15 13:46:54.734595+00,2817,2026-09-17 00:44:42.775+00,no_watcher,2026-09-17 00:44:42.775+00,2026-09-17 01:14:42.775+00,t,76,-2.7800,1.0300,98,70.7547847222222222
12014,f259ca109084,469,1244,yes,2026-09-15 14:01:54.734221+00,2857,2026-09-17 00:44:42.775+00,no_watcher,2026-09-17 00:44:42.775+00,2026-09-17 01:14:42.775+00,t,76,-2.7800,1.0300,98,70.7547847222222222
12153,f259ca109084,469,1244,yes,2026-09-15 14:17:24.734152+00,2889,2026-09-17 00:44:42.775+00,no_watcher,2026-09-17 00:44:42.775+00,2026-09-17 01:14:42.775+00,t,76,-2.7800,1.0300,98,70.7547847222222222
12319,f259ca109084,469,1244,yes,2026-09-15 14:32:24.734152+00,2915,2026-09-17 00:44:42.775+00,no_watcher,2026-09-17 00:44:42.775+00,2026-09-17 01:14:42.775+00,t,76,-2.7800,1.0300,98,70.7547847222222222
12483,f259ca109084,469,1244,yes,2026-09-15 14:47:38.846891+00,2941,2026-09-17 00:44:42.775+00,no_watcher,2026-09-17 00:44:42.775+00,2026-09-17 01:14:42.775+00,t,76,-2.7800,1.0300,98,70.7547847222222222
12611,f259ca109084,469,1244,yes,2026-09-15 15:03:08.846656+00,2967,2026-09-17 00:44:42.775+00,no_watcher,2026-09-17 00:44:42.775+00,2026-09-17 01:14:42.775+00,t,76,-2.7800,1.0300,98,70.7547847222222222
12787,f259ca109084,469,1244,yes,2026-09-15 15:18:38.846577+00,2985,2026-09-17 00:43:25.48+00,no_watcher,2026-09-17 00:43:25.48+00,2026-09-17 01:13:25.48+00,t,904,-1.3100,0.3500,21,70.7762555555555556
12953,f259ca109084,469,1244,yes,2026-09-15 15:34:23.846316+00,2995,2026-09-17 00:43:25.48+00,no_watcher,2026-09-17 00:43:25.48+00,2026-09-17 01:13:25.48+00,t,904,-1.3100,0.3500,21,70.7762555555555556
13137,f259ca109084,469,1244,yes,2026-09-15 15:49:23.846493+00,3005,2026-09-17 00:43:25.48+00,no_watcher,2026-09-17 00:43:25.48+00,2026-09-17 01:13:25.48+00,t,904,-1.3100,0.3500,21,70.7762555555555556
13253,f259ca109084,469,1244,yes,2026-09-15 16:04:53.846703+00,3015,2026-09-17 00:43:25.48+00,no_watcher,2026-09-17 00:43:25.48+00,2026-09-17 01:13:25.48+00,t,904,-1.3100,0.3500,21,70.7762555555555556
13399,f259ca109084,469,1244,yes,2026-09-15 16:20:23.846594+00,3025,2026-09-17 00:43:25.48+00,no_watcher,2026-09-17 00:43:25.48+00,2026-09-17 01:13:25.48+00,t,904,-1.3100,0.3500,21,70.7762555555555556
13584,f259ca109084,469,1244,yes,2026-09-15 16:36:08.846377+00,3035,2026-09-17 00:43:25.48+00,no_watcher,2026-09-17 00:43:25.48+00,2026-09-17 01:13:25.48+00,t,904,-1.3100,0.3500,21,70.7762555555555556
13714,f259ca109084,469,1244,yes,2026-09-15 16:51:38.846553+00,3045,2026-09-17 00:43:25.48+00,no_watcher,2026-09-17 00:43:25.48+00,2026-09-17 01:13:25.48+00,t,904,-1.3100,0.3500,21,70.7762555555555556
13847,f259ca109084,469,1244,yes,2026-09-15 17:06:08.846674+00,3112,2026-09-17 00:43:25.48+00,no_watcher,2026-09-17 00:43:25.48+00,2026-09-17 01:13:25.48+00,t,904,-1.3100,0.3500,21,70.7762555555555556
13944,f259ca109084,469,1244,yes,2026-09-15 17:21:23.84651+00,3130,2026-09-17 00:43:25.48+00,no_watcher,2026-09-17 00:43:25.48+00,2026-09-17 01:13:25.48+00,t,904,-1.3100,0.3500,21,70.7762555555555556
14088,f259ca109084,469,1244,yes,2026-09-15 17:36:40.831181+00,3148,2026-09-17 00:43:25.48+00,no_watcher,2026-09-17 00:43:25.48+00,2026-09-17 01:13:25.48+00,t,904,-1.3100,0.3500,21,70.7762555555555556
14396,f259ca109084,469,1244,yes,2026-09-15 18:06:55.831329+00,3158,2026-09-17 00:43:25.48+00,no_watcher,2026-09-17 00:43:25.48+00,2026-09-17 01:13:25.48+00,t,904,-1.3100,0.3500,21,70.7762555555555556
14526,f259ca109084,469,1244,yes,2026-09-15 18:22:10.83129+00,3168,2026-09-17 00:43:25.48+00,no_watcher,2026-09-17 00:43:25.48+00,2026-09-17 01:13:25.48+00,t,904,-1.3100,0.3500,21,70.7762555555555556
14819,f259ca109084,469,1244,yes,2026-09-15 18:52:40.831374+00,3178,2026-09-17 00:43:25.48+00,no_watcher,2026-09-17 00:43:25.48+00,2026-09-17 01:13:25.48+00,t,904,-1.3100,0.3500,21,70.7762555555555556
14986,f259ca109084,469,1244,yes,2026-09-15 19:07:55.831344+00,3188,2026-09-17 00:43:25.48+00,no_watcher,2026-09-17 00:43:25.48+00,2026-09-17 01:13:25.48+00,t,904,-1.3100,0.3500,21,70.7762555555555556
15114,f259ca109084,469,1244,yes,2026-09-15 19:23:25.831206+00,3234,2026-09-17 00:43:25.48+00,no_watcher,2026-09-17 00:43:25.48+00,2026-09-17 01:13:25.48+00,t,904,-1.3100,0.3500,21,70.7762555555555556
15274,f259ca109084,469,1244,yes,2026-09-15 19:38:10.831142+00,3245,2026-09-17 00:43:25.48+00,no_watcher,2026-09-17 00:43:25.48+00,2026-09-17 01:13:25.48+00,t,904,-1.3100,0.3500,21,70.7762555555555556
15592,f259ca109084,469,1244,yes,2026-09-15 20:08:55.831299+00,3257,2026-09-17 00:43:25.48+00,no_watcher,2026-09-17 00:43:25.48+00,2026-09-17 01:13:25.48+00,t,904,-1.3100,0.2900,21,70.7762555555555556
15741,f259ca109084,469,1244,yes,2026-09-15 20:24:40.831444+00,3267,2026-09-17 00:43:25.48+00,no_watcher,2026-09-17 00:43:25.48+00,2026-09-17 01:13:25.48+00,t,904,-1.3100,0.2900,21,70.7762555555555556
15865,f259ca109084,469,1244,yes,2026-09-15 20:40:25.203383+00,3278,2026-09-17 00:43:25.48+00,no_watcher,2026-09-17 00:43:25.48+00,2026-09-17 01:13:25.48+00,t,904,-1.3100,0.2900,21,70.7762555555555556
20476,f259ca109084,533,8445,yes,2026-09-16 04:36:24.120708+00,3285,2026-09-17 01:14:06.697+00,no_watcher,2026-09-17 01:14:06.697+00,2026-09-17 01:44:06.697+00,t,937,1.3500,-2.2200,40,62.7648063888888889
21809,f259ca109084,533,8445,yes,2026-09-16 13:47:39.120538+00,3287,2026-09-17 01:14:06.697+00,no_watcher,2026-09-17 01:14:06.697+00,2026-09-17 01:44:06.697+00,t,937,1.3500,-2.2200,40,62.7648063888888889
16046,f259ca109084,469,1244,yes,2026-09-15 20:55:55.203831+00,3293,2026-09-17 00:43:25.48+00,no_watcher,2026-09-17 00:43:25.48+00,2026-09-17 01:13:25.48+00,t,904,-1.3100,0.2900,21,70.7762555555555556
16162,f259ca109084,469,1244,yes,2026-09-15 21:11:25.203741+00,3303,2026-09-17 00:43:25.48+00,no_watcher,2026-09-17 00:43:25.48+00,2026-09-17 01:13:25.48+00,t,904,-1.3100,0.2900,21,70.7762555555555556
16338,f259ca109084,469,1244,yes,2026-09-15 21:26:40.203875+00,3313,2026-09-17 00:43:25.48+00,no_watcher,2026-09-17 00:43:25.48+00,2026-09-17 01:13:25.48+00,t,904,-1.3100,0.2900,21,70.7762555555555556
17269,f259ca109084,469,1244,yes,2026-09-15 22:58:40.203653+00,3330,2026-09-17 00:42:10.836+00,no_watcher,2026-09-17 00:42:10.836+00,2026-09-17 01:12:10.836+00,t,829,-2.3100,-0.2000,850,70.7969900000000000
17402,f259ca109084,469,1244,yes,2026-09-15 23:14:25.203731+00,3342,2026-09-17 00:42:10.836+00,no_watcher,2026-09-17 00:42:10.836+00,2026-09-17 01:12:10.836+00,t,829,-2.3100,-0.2000,850,70.7969900000000000
17550,f259ca109084,469,1244,yes,2026-09-15 23:29:40.203561+00,3354,2026-09-17 00:42:10.836+00,no_watcher,2026-09-17 00:42:10.836+00,2026-09-17 01:12:10.836+00,t,829,-2.3100,-0.2000,850,70.7969900000000000
17998,f259ca109084,469,1244,yes,2026-09-16 00:15:40.203555+00,3366,2026-09-17 00:42:10.836+00,no_watcher,2026-09-17 00:42:10.836+00,2026-09-17 01:12:10.836+00,t,829,-2.3100,-0.2000,850,70.7969900000000000
18125,f259ca109084,469,1244,yes,2026-09-16 00:30:40.203737+00,3378,2026-09-17 00:42:10.836+00,no_watcher,2026-09-17 00:42:10.836+00,2026-09-17 01:12:10.836+00,t,829,-2.3100,-0.2000,850,70.7969900000000000
18263,f259ca109084,469,1244,yes,2026-09-16 00:46:10.203743+00,3390,2026-09-17 00:42:10.836+00,no_watcher,2026-09-17 00:42:10.836+00,2026-09-17 01:12:10.836+00,t,829,-2.3100,-0.2000,850,70.7969900000000000
18415,f259ca109084,469,1244,yes,2026-09-16 01:01:40.203769+00,3402,2026-09-17 00:42:10.836+00,no_watcher,2026-09-17 00:42:10.836+00,2026-09-17 01:12:10.836+00,t,829,-2.3100,-0.2000,850,70.7969900000000000
18738,f259ca109084,469,1244,yes,2026-09-16 01:32:40.203659+00,3414,2026-09-17 00:42:10.836+00,no_watcher,2026-09-17 00:42:10.836+00,2026-09-17 01:12:10.836+00,t,829,-2.3100,-0.2000,850,70.7969900000000000
19174,f259ca109084,469,1244,yes,2026-09-16 02:18:55.203606+00,3432,2026-09-17 00:42:10.836+00,no_watcher,2026-09-17 00:42:10.836+00,2026-09-17 01:12:10.836+00,t,829,-2.3100,-0.2000,850,70.7969900000000000
19744,f259ca109084,469,1244,yes,2026-09-16 03:19:39.120193+00,3444,2026-09-17 00:42:10.836+00,no_watcher,2026-09-17 00:42:10.836+00,2026-09-17 01:12:10.836+00,t,829,-2.3100,0.0000,850,70.7969900000000000
20055,f259ca109084,469,1244,yes,2026-09-16 03:50:39.120596+00,3456,2026-09-17 00:42:10.836+00,no_watcher,2026-09-17 00:42:10.836+00,2026-09-17 01:12:10.836+00,t,829,-2.3100,0.0000,850,70.7969900000000000
20488,f259ca109084,469,1244,yes,2026-09-16 04:36:24.120708+00,3468,2026-09-17 00:42:10.836+00,no_watcher,2026-09-17 00:42:10.836+00,2026-09-17 01:12:10.836+00,t,829,-2.3100,0.0000,850,70.7969900000000000
20935,f259ca109084,469,1244,yes,2026-09-16 05:21:54.120433+00,3480,2026-09-17 00:42:10.836+00,no_watcher,2026-09-17 00:42:10.836+00,2026-09-17 01:12:10.836+00,t,829,-2.3100,0.0000,850,70.7969900000000000
21200,f259ca109084,469,1244,yes,2026-09-16 05:52:54.120415+00,3492,2026-09-17 00:42:10.836+00,no_watcher,2026-09-17 00:42:10.836+00,2026-09-17 01:12:10.836+00,t,829,-2.3100,0.0000,850,70.7969900000000000
21541,f259ca109084,469,1244,yes,2026-09-16 13:17:39.120204+00,3504,2026-09-17 00:42:10.836+00,no_watcher,2026-09-17 00:42:10.836+00,2026-09-17 01:12:10.836+00,t,829,-2.3100,-0.1100,850,70.7969900000000000
21794,f259ca109084,469,1244,yes,2026-09-16 13:47:39.120538+00,3516,2026-09-17 00:42:10.836+00,no_watcher,2026-09-17 00:42:10.836+00,2026-09-17 01:12:10.836+00,t,829,-2.3100,-0.1100,850,70.7969900000000000
21962,f259ca109084,469,1244,yes,2026-09-16 14:02:54.120554+00,3528,2026-09-17 00:42:10.836+00,no_watcher,2026-09-17 00:42:10.836+00,2026-09-17 01:12:10.836+00,t,829,-2.3100,-0.1100,850,70.7969900000000000
22139,f259ca109084,469,1244,yes,2026-09-16 14:17:39.120376+00,3540,2026-09-17 00:42:10.836+00,no_watcher,2026-09-17 00:42:10.836+00,2026-09-17 01:12:10.836+00,t,829,-2.3100,-0.1100,850,70.7969900000000000
10535,f259ca109084,118,9448,yes,2026-09-14 23:32:00.393104+00,3569,2026-09-17 17:08:44.267+00,no_watcher,2026-09-17 17:08:44.267+00,2026-09-17 17:38:44.267+00,t,150,-0.1800,-3.9300,177,71.8543702777777778
10947,f259ca109084,118,9448,yes,2026-09-15 05:29:45.581211+00,3576,2026-09-17 17:08:44.267+00,no_watcher,2026-09-17 17:08:44.267+00,2026-09-17 17:38:44.267+00,t,150,-0.1800,-3.9300,177,71.8543702777777778
11242,f259ca109084,118,9448,yes,2026-09-15 05:46:15.581291+00,3583,2026-09-17 17:08:44.267+00,no_watcher,2026-09-17 17:08:44.267+00,2026-09-17 17:38:44.267+00,t,150,-0.1800,-3.9300,177,71.8543702777777778
9840,f259ca109084,464,6976,yes,2026-09-14 15:03:30.393249+00,3609,2026-09-18 00:45:19.67+00,no_watcher,2026-09-18 00:45:19.67+00,2026-09-18 01:15:19.67+00,t,21,1.6300,-1.9400,89,42.7445361111111111
11417,f259ca109084,529,8085,yes,2026-09-15 13:02:12.232661+00,3631,2026-09-17 21:42:07.568+00,no_watcher,2026-09-17 21:42:07.568+00,2026-09-17 22:12:07.568+00,t,195857,3.2900,-0.1000,194057,50.2978977777777778
11256,f259ca109084,549,854,yes,2026-09-15 05:49:00.581206+00,3638,2026-09-17 00:22:23.854+00,no_watcher,2026-09-17 00:22:23.854+00,2026-09-17 00:52:23.854+00,t,559,-1.2100,-7.0300,601,70.6267072222222222
1272,ff363c8ac08d,11,40,yes,2026-09-09 05:09:03.953645+00,74,2026-09-10 02:18:48.605+00,no_watcher,2026-09-10 02:18:48.605+00,2026-09-10 02:48:48.605+00,t,69,1.8500,-2.2700,125,90.1031652777777778
543,ff363c8ac08d,377,2412,yes,2026-09-08 17:22:30.715243+00,606,2026-09-11 00:01:21.922+00,no_watcher,2026-09-11 00:01:21.922+00,2026-09-11 00:31:21.922+00,t,43,3.9000,-0.7900,37,39.9772438888888889
683,ff363c8ac08d,377,2412,yes,2026-09-08 18:07:45.713408+00,609,2026-09-11 00:01:21.922+00,no_watcher,2026-09-11 00:01:21.922+00,2026-09-11 00:31:21.922+00,t,43,3.9000,-0.7900,37,39.9772438888888889
813,ff363c8ac08d,377,2412,yes,2026-09-08 18:38:00.712479+00,612,2026-09-11 00:01:21.922+00,no_watcher,2026-09-11 00:01:21.922+00,2026-09-11 00:31:21.922+00,t,43,3.9000,-0.7900,37,39.9772438888888889
990,ff363c8ac08d,377,2412,yes,2026-09-09 00:00:30.715381+00,617,2026-09-11 00:01:21.922+00,no_watcher,2026-09-11 00:01:21.922+00,2026-09-11 00:31:21.922+00,t,43,3.9000,-0.7900,37,39.9772438888888889
9107,ff363c8ac08d,16,477,yes,2026-09-13 13:16:57.543504+00,1821,2026-09-14 23:31:25.431+00,no_watcher,2026-09-14 23:31:25.431+00,2026-09-15 00:01:25.431+00,t,54,1.5900,-3.4700,117,0.72626916666666666667
9243,ff363c8ac08d,16,477,yes,2026-09-13 15:17:27.543086+00,1830,2026-09-14 23:31:25.431+00,no_watcher,2026-09-14 23:31:25.431+00,2026-09-15 00:01:25.431+00,t,54,1.5900,-3.4700,117,0.72626916666666666667
9258,ff363c8ac08d,16,477,yes,2026-09-13 15:27:27.543062+00,1833,2026-09-14 23:31:25.431+00,no_watcher,2026-09-14 23:31:25.431+00,2026-09-15 00:01:25.431+00,t,54,1.5900,-3.4700,117,0.72626916666666666667
9551,ff363c8ac08d,16,477,yes,2026-09-13 19:41:42.543028+00,1840,2026-09-14 23:31:25.431+00,no_watcher,2026-09-14 23:31:25.431+00,2026-09-15 00:01:25.431+00,t,54,1.5900,-3.4700,117,0.72626916666666666667
9557,ff363c8ac08d,16,477,yes,2026-09-13 19:42:27.543143+00,1846,2026-09-14 23:31:25.431+00,no_watcher,2026-09-14 23:31:25.431+00,2026-09-15 00:01:25.431+00,t,54,1.5900,-3.4700,117,0.72626916666666666667
9565,ff363c8ac08d,16,477,yes,2026-09-13 19:42:57.543243+00,1852,2026-09-14 23:31:25.431+00,no_watcher,2026-09-14 23:31:25.431+00,2026-09-15 00:01:25.431+00,t,54,1.5900,-3.4700,117,0.72626916666666666667
9574,ff363c8ac08d,16,477,yes,2026-09-13 19:45:12.543085+00,1858,2026-09-14 23:31:25.431+00,no_watcher,2026-09-14 23:31:25.431+00,2026-09-15 00:01:25.431+00,t,54,1.5900,-3.4700,117,0.72626916666666666667
9589,ff363c8ac08d,16,477,yes,2026-09-13 19:50:42.543229+00,1864,2026-09-14 23:31:25.431+00,no_watcher,2026-09-14 23:31:25.431+00,2026-09-15 00:01:25.431+00,t,54,1.5900,-3.4700,117,0.72626916666666666667
9688,ff363c8ac08d,16,477,yes,2026-09-13 20:31:27.543046+00,1870,2026-09-14 23:31:25.431+00,no_watcher,2026-09-14 23:31:25.431+00,2026-09-15 00:01:25.431+00,t,54,1.5900,-3.4700,117,0.72626916666666666667
9698,ff363c8ac08d,16,477,yes,2026-09-13 20:31:57.543117+00,1876,2026-09-14 23:31:25.431+00,no_watcher,2026-09-14 23:31:25.431+00,2026-09-15 00:01:25.431+00,t,54,1.5900,-3.4700,117,0.72626916666666666667
10729,ff363c8ac08d,118,9729,yes,2026-09-15 02:58:00.393488+00,1891,2026-09-15 15:05:49.77+00,no_watcher,2026-09-15 15:05:49.77+00,2026-09-15 15:35:49.77+00,t,147,0.3600,-0.0600,235,121.9028416666666667
10920,ff363c8ac08d,118,9729,yes,2026-09-15 05:29:45.581211+00,1897,2026-09-15 15:05:49.77+00,no_watcher,2026-09-15 15:05:49.77+00,2026-09-15 15:35:49.77+00,t,147,0.3600,-0.0600,235,121.9028416666666667
11173,ff363c8ac08d,118,9729,yes,2026-09-15 05:45:15.580972+00,1903,2026-09-15 15:05:49.77+00,no_watcher,2026-09-15 15:05:49.77+00,2026-09-15 15:35:49.77+00,t,147,0.3600,-0.0600,235,121.9028416666666667
10657,ff363c8ac08d,116,24,yes,2026-09-15 00:22:15.393341+00,1955,2026-09-15 19:57:01.328+00,no_watcher,2026-09-15 19:57:01.328+00,2026-09-15 20:27:01.328+00,t,256,-0.7800,-4.6400,284,117.0496311111111111
10906,ff363c8ac08d,116,24,yes,2026-09-15 05:29:45.581211+00,1958,2026-09-15 19:57:01.328+00,no_watcher,2026-09-15 19:57:01.328+00,2026-09-15 20:27:01.328+00,t,256,-0.7800,-5.2200,284,117.0496311111111111
11158,ff363c8ac08d,116,24,yes,2026-09-15 05:45:15.580972+00,1961,2026-09-15 19:57:01.328+00,no_watcher,2026-09-15 19:57:01.328+00,2026-09-15 20:27:01.328+00,t,256,-0.7800,-5.2200,284,117.0496311111111111
10708,ff363c8ac08d,118,26,yes,2026-09-15 01:17:15.393268+00,2268,2026-09-16 19:15:20.422+00,no_watcher,2026-09-16 19:15:20.422+00,2026-09-16 19:45:20.422+00,t,431,1.5300,-2.0000,501,93.7443272222222222
10919,ff363c8ac08d,118,26,yes,2026-09-15 05:29:45.581211+00,2277,2026-09-16 19:15:20.422+00,no_watcher,2026-09-16 19:15:20.422+00,2026-09-16 19:45:20.422+00,t,431,1.5300,-2.0000,501,93.7443272222222222
11172,ff363c8ac08d,118,26,yes,2026-09-15 05:45:15.580972+00,2286,2026-09-16 19:15:20.422+00,no_watcher,2026-09-16 19:15:20.422+00,2026-09-16 19:45:20.422+00,t,431,1.5300,-2.0000,501,93.7443272222222222
11054,ff363c8ac08d,549,854,yes,2026-09-15 05:33:45.5813+00,2478,2026-09-17 00:22:23.854+00,no_watcher,2026-09-17 00:22:23.854+00,2026-09-17 00:52:23.854+00,t,559,-1.2100,-7.0300,601,70.6267072222222222
11354,ff363c8ac08d,549,854,yes,2026-09-15 05:49:15.58131+00,3642,2026-09-17 00:22:23.854+00,no_watcher,2026-09-17 00:22:23.854+00,2026-09-17 00:52:23.854+00,t,559,-1.2100,-7.0300,601,70.6267072222222222
